kind,service,entry,source,handler,source_digest,caller,operations,fields,scopes,facts_owner,legacy_guard,test_contract
GRPC_REGISTER,admin,RegisterAdminServiceServer,app/admin/cmd/admin/admin_helpers.go:188,"adminv1.RegisterAdminServiceServer(grpcSrv, svc)",75894b386e83283a645fdfb6306e0653bdd7f1c490891b1932addf75c8dbe9a1,source,full-method policy must cover all RPC rows,operator metadata forwarded on user management,n/a,admin,HTTP newAdminGuard role>=10 or ADMIN_TOKEN; RPC service-token only; price exchange root>=100; user role special SetRole,B0 full-method registration enumeration; includes admin cmd constructor
GRPC_REGISTER,admin,RegisterAdminServiceServer,app/admin/internal/server/grpc.go:20,"adminv1.RegisterAdminServiceServer(srv, svc)",bd1c5f4c5936a5405b7f31891e5e24bd69614fa9b3d2923ac8469a0fdac420e3,source,full-method policy must cover all RPC rows,operator metadata forwarded on user management,n/a,admin,HTTP newAdminGuard role>=10 or ADMIN_TOKEN; RPC service-token only; price exchange root>=100; user role special SetRole,B0 full-method registration enumeration; includes admin cmd constructor
GRPC_REGISTER,billing,RegisterBillingServiceServer,app/billing/internal/server/grpc.go:44,"billingv1.RegisterBillingServiceServer(srv, svc)",4c88c9be70a241895a7b8d7effa41702ee184d7797af95551de7daab0959e494,source,full-method policy must cover all RPC rows,operator metadata forwarded on user management,n/a,billing,RPC shared SERVICE_TOKEN; reconciliation HTTP ServiceAuth; payment callback signature; finance invariant applies,B0 full-method registration enumeration; includes admin cmd constructor
GRPC_REGISTER,channel,RegisterChannelServiceServer,app/channel/internal/server/grpc.go:28,"channelv1.RegisterChannelServiceServer(srv, svc)",73f06aa2fdb3efb7cc8172535f04fa8e6f39a8620492fd7512d9797935d61718,source,full-method policy must cover all RPC rows,operator metadata forwarded on user management,n/a,channel,RPC shared SERVICE_TOKEN; direct OAuth/selector HTTP lacks same user guard (B0/B2 gap),B0 full-method registration enumeration; includes admin cmd constructor
GRPC_REGISTER,config,RegisterConfigServiceServer,app/config/internal/server/grpc.go:22,"configv1.RegisterConfigServiceServer(srv, svc)",f82e89b3e3e42974f65e24e63d4effc193ebaf0313ef359aba6efb0fa12e6e29,source,full-method policy must cover all RPC rows,operator metadata forwarded on user management,n/a,config,RPC shared SERVICE_TOKEN; direct configs HTTP lacks user guard; public content GET only,B0 full-method registration enumeration; includes admin cmd constructor
GRPC_REGISTER,identity,RegisterIdentityServiceServer,app/identity/internal/server/grpc.go:51,"identityv1.RegisterIdentityServiceServer(srv, svc)",d29e747225c11f4eeb9a88b7b646b954a01eb61bd2c6bfb53598c673fab93669,source,full-method policy must cover all RPC rows,operator metadata forwarded on user management,n/a,identity,"RPC shared SERVICE_TOKEN; SetUserRole also operator credential/root checks; HTTP verified session for self, public verification for auth",B0 full-method registration enumeration; includes admin cmd constructor
GRPC_REGISTER,log,RegisterLogServiceServer,app/log/internal/server/grpc.go:23,"logv1.RegisterLogServiceServer(srv, svc)",24f7cd9d03677d971671a627c203f08e104c333364754fa0367dcd67a8def89b,source,full-method policy must cover all RPC rows,operator metadata forwarded on user management,n/a,log,RPC shared SERVICE_TOKEN; logs/selection HTTP ServiceAuth; /self session ownership,B0 full-method registration enumeration; includes admin cmd constructor
GRPC_REGISTER,monitor,RegisterMonitorServiceServer,app/monitor/internal/server/grpc.go:22,"monitorv1.RegisterMonitorServiceServer(srv, svc)",15004654db139a02467eb6fd8c12a1958a5af9c73770f56f65e190e77102aace,source,full-method policy must cover all RPC rows,operator metadata forwarded on user management,n/a,monitor,RPC shared SERVICE_TOKEN; direct HTTP lacks user guard (B0/B4 gap),B0 full-method registration enumeration; includes admin cmd constructor
GRPC_REGISTER,notify,RegisterNotifyServiceServer,app/notify/internal/server/grpc.go:22,"notifyv1.RegisterNotifyServiceServer(srv, svc)",0353131b403e7f73370699de889688a0799f4d3ca301ba96e94727a328791ead,source,full-method policy must cover all RPC rows,operator metadata forwarded on user management,n/a,notify,RPC shared SERVICE_TOKEN; direct HTTP/Alertmanager lacks independent user/service identity (B0/B4 gap),B0 full-method registration enumeration; includes admin cmd constructor
GRPC_REGISTER,relay,RegisterRelayServiceServer,internal/server/grpc.go:27,"relayv1.RegisterRelayServiceServer(srv, svc)",88f14b0f1f955d4ca45de20c4ce85df1ecbc7ce502a4529dbf1c1f8c479376b4,source,full-method policy must cover all RPC rows,operator metadata forwarded on user management,n/a,relay,API-key/routing/quota ownership; alternate enhanced constructor listed separately,B0 full-method registration enumeration; includes admin cmd constructor
HTTP,admin,HandleFunc /,app/admin/internal/server/http.go:215,handlePage,ec652c9088260dadaabafc23ee5413e5e40fa0e742246c59e060d3f284f61898,public,no user IAM; health/metrics deployment access; assets GET only; unknown API never SPA fallback,no business fields,n/a,admin,no user guard,health/assets only; unknown API rejection
HTTP,admin,HandleFunc /api/about,app/admin/internal/server/http.go:374,handleContentRoute,105d39247ae1d83474c4c16cf2691f2702807beb82facd0191f2d3ac07dea96b,mixed,GET public sanitized content; PUT/POST system.content.about.update,security: system.option.security.update; payment: system.option.payment.update; pricing: system.option.pricing.update; notice/about/home: system.content.notice.update/system.content.about.update/system.content.home.update; unknown key class rejects,all,config,GET public; PUT adminAuth,public read/admin write branch separation
HTTP,admin,HandleFunc /api/admin/access,app/admin/internal/server/http.go:401,handleAdminAccess,f5450ac259acac23138c2fd305c32560b26c58a520cca802bf4c71644884b950,admin,GET admin.console.enter,compose source field permissions; no authority from proxy,each operation registry + each source owner; intersect before aggregate,admin,HTTP newAdminGuard role>=10 or ADMIN_TOKEN; RPC service-token only; price exchange root>=100; user role special SetRole,B resource: aliases/direct RPC + scope list/total/detail/bulk/export + fields/deny; P0 source drift check
HTTP,admin,HandleFunc /api/admin/model-health,app/admin/internal/server/http.go:661,handleModelHealth,1feeefb28468f0a89973e068b9e175c52fb78d29955c7f301a019b5c954fde2a,admin,GET monitor.health.model.read,compose source field permissions; no authority from proxy,each operation registry + each source owner; intersect before aggregate,monitor,HTTP newAdminGuard role>=10 or ADMIN_TOKEN; RPC service-token only; price exchange root>=100; user role special SetRole,B resource: aliases/direct RPC + scope list/total/detail/bulk/export + fields/deny; P0 source drift check
HTTP,admin,HandleFunc /api/admin/model-routings,app/admin/internal/server/http.go:714,handleModelRoutings,1400a379dcbfed4eafc9771f9c07bd8ecab81e13d391d4b8bc342ad3016c453e,admin,GET channel.model_routing.read; POST create/update diff channel.model_routing.create/channel.model_routing.update; DELETE channel.model_routing.delete,compose source field permissions; no authority from proxy,each operation registry + each source owner; intersect before aggregate,channel,HTTP newAdminGuard role>=10 or ADMIN_TOKEN; RPC service-token only; price exchange root>=100; user role special SetRole,B resource: aliases/direct RPC + scope list/total/detail/bulk/export + fields/deny; P0 source drift check
HTTP,admin,HandleFunc /api/admin/models,app/admin/internal/server/http.go:658,handleModels,98f9b9bfafa9b6f67ec769b9d570338b7b23efc127124d9c52740d8ad5c7155c,admin,GET channel.model.list; POST channel.model.create; PUT channel.model.update; POST /batch channel.model.batch_update; detail GET read channel.model.read; DELETE channel.model.delete; PATCH /status enable/disable; /usage-stats channel.model_usage.read; /aliases GET/POST/DELETE channel.model_alias.read/create/delete; /channels channel.channel.list AND model.read; /subscriptions channel.account.list AND model.read,compose source field permissions; no authority from proxy,each operation registry + each source owner; intersect before aggregate,channel,HTTP newAdminGuard role>=10 or ADMIN_TOKEN; RPC service-token only; price exchange root>=100; user role special SetRole,B resource: aliases/direct RPC + scope list/total/detail/bulk/export + fields/deny; P0 source drift check
HTTP,admin,HandleFunc /api/admin/models/export,app/admin/internal/server/http.go:681,handleExportModels,116ed0f926a1d90be465da4c188bdce3f4316c4ded36f21ef8ef87bc5366b41c,admin,GET channel.model.export; export_prices=true adds billing.pricing.export (legacy root),compose source field permissions; no authority from proxy,each operation registry + each source owner; intersect before aggregate,billing/channel,HTTP newAdminGuard role>=10 or ADMIN_TOKEN; RPC service-token only; price exchange root>=100; user role special SetRole,B resource: aliases/direct RPC + scope list/total/detail/bulk/export + fields/deny; P0 source drift check
HTTP,admin,HandleFunc /api/admin/models/import,app/admin/internal/server/http.go:684,handleImportModels,103e4988b2c4466e7147ff406ba547a7f75949ad1d186daf8d2913c11b44ebd4,admin,POST channel.model.import; import_prices=true adds billing.pricing.import (legacy root); dry_run same permission,compose source field permissions; no authority from proxy,each operation registry + each source owner; intersect before aggregate,billing/channel,HTTP newAdminGuard role>=10 or ADMIN_TOKEN; RPC service-token only; price exchange root>=100; user role special SetRole,B resource: aliases/direct RPC + scope list/total/detail/bulk/export + fields/deny; P0 source drift check
HTTP,admin,HandleFunc /api/admin/notifications,app/admin/internal/server/http.go:723,handleNotifyProxy,22c7ede68f003a3b2062f77175c1f368d514f393e925c704613be1abbac58698,admin,"GET notify.notification.list; POST must be restricted to dispatch system capability, never user acknowledge",compose source field permissions; no authority from proxy,each operation registry + each source owner; intersect before aggregate,notify,HTTP newAdminGuard role>=10 or ADMIN_TOKEN; RPC service-token only; price exchange root>=100; user role special SetRole,B resource: aliases/direct RPC + scope list/total/detail/bulk/export + fields/deny; P0 source drift check
HTTP,admin,HandleFunc /api/admin/routing-ops,app/admin/internal/server/http.go:406,handleRoutingOps,f5f130d96f4d4cf2375a2799a72bc25d0cbed217fca9a65214d7526baeadc2a7,admin,GET monitor.health.selector.read AND channel.channel.list/channel.account.list AND billing.account.cost.read,compose source field permissions; no authority from proxy,each operation registry + each source owner; intersect before aggregate,billing/channel/monitor,HTTP newAdminGuard role>=10 or ADMIN_TOKEN; RPC service-token only; price exchange root>=100; user role special SetRole,B resource: aliases/direct RPC + scope list/total/detail/bulk/export + fields/deny; P0 source drift check
HTTP,admin,HandleFunc /api/admin/summary,app/admin/internal/server/http.go:402,handleAdminSummary,6f24cd8c4ffc8678680aec0c2e390c9109ceb9dc0d9c008f92ec5624f3f7fdcc,admin,GET admin.overview.read AND selected billing.account.cost.read/billing.payment.read,compose source field permissions; no authority from proxy,each operation registry + each source owner; intersect before aggregate,billing,HTTP newAdminGuard role>=10 or ADMIN_TOKEN; RPC service-token only; price exchange root>=100; user role special SetRole,B resource: aliases/direct RPC + scope list/total/detail/bulk/export + fields/deny; P0 source drift check
HTTP,admin,HandleFunc /api/admin/upstream-costs,app/admin/internal/server/http.go:691,handleDeleteUpstreamCost handleListUpstreamCosts handleSetUpstreamCost,6add0a41db40b9fd2176ecad40a8bbc142e1f467aa0968d24996d8af909418db,admin,GET billing.upstream_cost.read; POST create/update diff billing.upstream_cost.create/billing.upstream_cost.update; DELETE billing.upstream_cost.delete,compose source field permissions; no authority from proxy,each operation registry + each source owner; intersect before aggregate,billing,HTTP newAdminGuard role>=10 or ADMIN_TOKEN; RPC service-token only; price exchange root>=100; user role special SetRole,B resource: aliases/direct RPC + scope list/total/detail/bulk/export + fields/deny; P0 source drift check
HTTP,admin,HandleFunc /api/admin/upstream-costs/migrate,app/admin/internal/server/http.go:688,handleMigrateUpstreamCostKeys,2e88a75e6a48db1d3c2d973b28538dc4fe27c1ad71f8712d65f694e98a7d3794,admin,POST billing.upstream_cost.migrate (dry_run same permission),compose source field permissions; no authority from proxy,each operation registry + each source owner; intersect before aggregate,billing,HTTP newAdminGuard role>=10 or ADMIN_TOKEN; RPC service-token only; price exchange root>=100; user role special SetRole,B resource: aliases/direct RPC + scope list/total/detail/bulk/export + fields/deny; P0 source drift check
HTTP,admin,HandleFunc /api/channel/export,app/admin/internal/server/http.go:647,handleOneAPIExportChannels,6f8802d16537ce671e1c4fd1769df09fbe3f1815d5f38d2f9cbe70125b9b96fa,admin,GET channel.channel.export; secret column requires channel.channel.secret.read,compose source field permissions; no authority from proxy,each operation registry + each source owner; intersect before aggregate,channel,HTTP newAdminGuard role>=10 or ADMIN_TOKEN; RPC service-token only; price exchange root>=100; user role special SetRole,B resource: aliases/direct RPC + scope list/total/detail/bulk/export + fields/deny; P0 source drift check
HTTP,admin,HandleFunc /api/channel/models,app/admin/internal/server/http.go:527,handleOneAPIChannelModels,cab8ba00393551bacb0ddb1e14ceb1f5745cb60c1e84014183ca05ac32635d28,admin,GET channel.model.list (channel facts filtered),compose source field permissions; no authority from proxy,each operation registry + each source owner; intersect before aggregate,channel,HTTP newAdminGuard role>=10 or ADMIN_TOKEN; RPC service-token only; price exchange root>=100; user role special SetRole,B resource: aliases/direct RPC + scope list/total/detail/bulk/export + fields/deny; P0 source drift check
HTTP,admin,HandleFunc /api/channel/test,app/admin/internal/server/http.go:623,handleTestChannels,f1ac1e8df2e59226a61962d51f81338b53304549aeefdbac9242a1e85fe688fc,admin,GET channel.channel.test (mutates health),compose source field permissions; no authority from proxy,each operation registry + each source owner; intersect before aggregate,channel,HTTP newAdminGuard role>=10 or ADMIN_TOKEN; RPC service-token only; price exchange root>=100; user role special SetRole,B resource: aliases/direct RPC + scope list/total/detail/bulk/export + fields/deny; P0 source drift check
HTTP,admin,HandleFunc /api/channel/update_balance,app/admin/internal/server/http.go:629,handleUpdateChannelBalances,c074ea1f5dc167099a905bdfa4a0e4bf33a31c3e97e918a903485d1fe23e74a9,admin,GET channel.channel.balance.refresh (mutates balance),compose source field permissions; no authority from proxy,each operation registry + each source owner; intersect before aggregate,channel,HTTP newAdminGuard role>=10 or ADMIN_TOKEN; RPC service-token only; price exchange root>=100; user role special SetRole,B resource: aliases/direct RPC + scope list/total/detail/bulk/export + fields/deny; P0 source drift check
HTTP,admin,HandleFunc /api/home_page_content,app/admin/internal/server/http.go:375,handleContentRoute,b7da195895c0087aaaba4756502f93d077e5ccaa00c5e0808d6b758c0303f4f9,mixed,GET public sanitized content; PUT/POST system.content.home.update,security: system.option.security.update; payment: system.option.payment.update; pricing: system.option.pricing.update; notice/about/home: system.content.notice.update/system.content.about.update/system.content.home.update; unknown key class rejects,all,config,GET public; PUT adminAuth,public read/admin write branch separation
HTTP,admin,HandleFunc /api/log/export,app/admin/internal/server/http.go:570,handleOneAPIExportLogs,199c6ed245ad517b2500bec5ded13a8c386d6dccc673e63d8be5ddd80230b65c,admin,"GET billing.account.ledger.read AND billing.report.export (current export is ledger CSV, not request log)",compose source field permissions; no authority from proxy,each operation registry + each source owner; intersect before aggregate,billing,HTTP newAdminGuard role>=10 or ADMIN_TOKEN; RPC service-token only; price exchange root>=100; user role special SetRole,B resource: aliases/direct RPC + scope list/total/detail/bulk/export + fields/deny; P0 source drift check
HTTP,admin,HandleFunc /api/log/self/stat,app/admin/internal/server/http.go:567,handleLogStats,9005a3cc0570278d5e67a536021f0cf1264f82ed56720d7b5732b1caa41bbb4d,self,GET owner ledger stats; no cross-user authorization,compose source field permissions; no authority from proxy,each operation registry + each source owner; intersect before aggregate,billing,verified owner,self stats no cross-user
HTTP,admin,HandleFunc /api/log/stat,app/admin/internal/server/http.go:564,handleLogStats,279cf5543699cfa6094f4b4019270213f485617e3e9ea5284ac858d0e2ef1ec4,admin,GET billing.account.ledger.read AND billing.account.cost.read,compose source field permissions; no authority from proxy,each operation registry + each source owner; intersect before aggregate,billing,HTTP newAdminGuard role>=10 or ADMIN_TOKEN; RPC service-token only; price exchange root>=100; user role special SetRole,B resource: aliases/direct RPC + scope list/total/detail/bulk/export + fields/deny; P0 source drift check
HTTP,admin,HandleFunc /api/notice,app/admin/internal/server/http.go:373,handleContentRoute,831c8722d3ca7e9b30a33ed5bc4a6a35c6b0595da5977744384c4502436a1d13,mixed,GET public sanitized content; PUT/POST system.content.notice.update,security: system.option.security.update; payment: system.option.payment.update; pricing: system.option.pricing.update; notice/about/home: system.content.notice.update/system.content.about.update/system.content.home.update; unknown key class rejects,all,config,GET public; PUT adminAuth,public read/admin write branch separation
HTTP,admin,HandleFunc /api/payment/orders,app/admin/internal/server/http.go:611,handlePaymentOrders,bb98f7d13d2114885ca9493906c511e7ac05710937f0f2ac4cb07f0490ab40c9,admin,GET billing.payment.list,compose source field permissions; no authority from proxy,each operation registry + each source owner; intersect before aggregate,billing,HTTP newAdminGuard role>=10 or ADMIN_TOKEN; RPC service-token only; price exchange root>=100; user role special SetRole,B resource: aliases/direct RPC + scope list/total/detail/bulk/export + fields/deny; P0 source drift check
HTTP,admin,HandleFunc /api/pricing,app/admin/internal/server/http.go:369,handleReadonlyPricing,5dc9790076befba9dbf253e55ca692116db875db67d4cfb9afa8e4c88f179e32,public,GET public-safe projection or verified API key; no admin channel secrets,compose source field permissions; no authority from proxy,each operation registry + each source owner; intersect before aggregate,config/channel/billing,public projection; /v1/models verified API key,public field projection; API key never IAM admin
HTTP,admin,HandleFunc /api/reconciliation,app/admin/internal/server/http.go:638,handleReconciliationRuns,748c7edbfe3eeb71908e28d6f31fe45a3a46de38c742cacc526e32e273a97b39,admin,GET billing.reconciliation.read,compose source field permissions; no authority from proxy,each operation registry + each source owner; intersect before aggregate,billing,HTTP newAdminGuard role>=10 or ADMIN_TOKEN; RPC service-token only; price exchange root>=100; user role special SetRole,B resource: aliases/direct RPC + scope list/total/detail/bulk/export + fields/deny; P0 source drift check
HTTP,admin,HandleFunc /api/redemption/export,app/admin/internal/server/http.go:593,handleOneAPIExportRedemptions,b8b2f765375a44097be1350b9a824bc62529fd8f29eb7d37123f22b81042251f,admin,GET billing.redemption.export,compose source field permissions; no authority from proxy,each operation registry + each source owner; intersect before aggregate,billing,HTTP newAdminGuard role>=10 or ADMIN_TOKEN; RPC service-token only; price exchange root>=100; user role special SetRole,B resource: aliases/direct RPC + scope list/total/detail/bulk/export + fields/deny; P0 source drift check
HTTP,admin,HandleFunc /api/status,app/admin/internal/server/http.go:229,billingHTTPProxy.ServeHTTP,9b472938864957e1205f2766f2072f335d3f547ecca6cf485053b73ab01742da,mixed,GET public status; POST alias to verified Alipay callback system capability,public projection; POST signature/amount verification,n/a,config/billing,GET public; POST billing callback signature,callback alias cannot bypass signature or become user IAM
HTTP,admin,HandleFunc /api/subscription-accounts,app/admin/internal/server/http.go:547,handleSubscriptionAccounts,d7cc09909d84bf8a17aa8f2a52f1080f473813b50112f746e473ec98928cc84c,admin,GET channel.account.list; POST channel.account.create + credentials/tokens: channel.account.credential.update; OAuth: channel.account.oauth.bind; quota reset: channel.account.quota.reset; recovery channel.account.recovery.clear; raw credentials only relay/refresh capability; PUT currently 405; updates use detail route,compose source field permissions; no authority from proxy,each operation registry + each source owner; intersect before aggregate,channel,HTTP newAdminGuard role>=10 or ADMIN_TOKEN; RPC service-token only; price exchange root>=100; user role special SetRole,B resource: aliases/direct RPC + scope list/total/detail/bulk/export + fields/deny; P0 source drift check
HTTP,admin,HandleFunc /api/token,app/admin/internal/server/http.go:389,identityProxy.ServeHTTP,79c6c3e1f1e8b23b0a4058c20c05ec363e3ca9b36cee29cfff3e9121f8896f54,self,authenticated owner only; independent self/auth rules; never implicit management operation,email including empty: identity.user.email_binding.update + user_credentials delegation; password/OAuth: identity.user.credential.update + delegation; status: identity.user.enable/disable; role: identity.user_role.assign/revoke diff; group: identity.routing_access.default.update + actual grant/revoke; contact: identity.user.contact.read; finance: billing.account.read; OAuth aliases oidc/lark/wechat expanded from registration loop,each operation registry + each source owner; intersect before aggregate,identity; finance owned by billing,HTTP newAdminGuard role>=10 or ADMIN_TOKEN; RPC service-token only; price exchange root>=100; user role special SetRole,"B1/A4 self ownership, JTI, OAuth/register/bootstrap atomicity; cross-user orders scope"
HTTP,admin,HandleFunc /api/topup,app/admin/internal/server/http.go:608,handleTopUp,6e2fbccda08bd1e4e98f07c3fd8b3d70d27150cb598adbea0131334dee102d3c,admin,POST billing.account.balance.adjust + reason/idempotency,compose source field permissions; no authority from proxy,each operation registry + each source owner; intersect before aggregate,billing,HTTP newAdminGuard role>=10 or ADMIN_TOKEN; RPC service-token only; price exchange root>=100; user role special SetRole,B resource: aliases/direct RPC + scope list/total/detail/bulk/export + fields/deny; P0 source drift check
HTTP,admin,HandleFunc /api/user/amount,app/admin/internal/server/http.go:387,identityProxy.ServeHTTP,68d6a44485f694236444b103b4d468a222ee9a46884662a9bdda1a069019d0a0,self,authenticated owner only; independent self/auth rules; never implicit management operation,email including empty: identity.user.email_binding.update + user_credentials delegation; password/OAuth: identity.user.credential.update + delegation; status: identity.user.enable/disable; role: identity.user_role.assign/revoke diff; group: identity.routing_access.default.update + actual grant/revoke; contact: identity.user.contact.read; finance: billing.account.read; OAuth aliases oidc/lark/wechat expanded from registration loop,each operation registry + each source owner; intersect before aggregate,identity; finance owned by billing,HTTP newAdminGuard role>=10 or ADMIN_TOKEN; RPC service-token only; price exchange root>=100; user role special SetRole,"B1/A4 self ownership, JTI, OAuth/register/bootstrap atomicity; cross-user orders scope"
HTTP,admin,HandleFunc /api/user/dashboard,app/admin/internal/server/http.go:381,identityProxy.ServeHTTP,2fb1ea935d75de2cf3b93c0dad27edb960574c7a106b235ad7887bce034b493a,self,authenticated owner only; independent self/auth rules; never implicit management operation,email including empty: identity.user.email_binding.update + user_credentials delegation; password/OAuth: identity.user.credential.update + delegation; status: identity.user.enable/disable; role: identity.user_role.assign/revoke diff; group: identity.routing_access.default.update + actual grant/revoke; contact: identity.user.contact.read; finance: billing.account.read; OAuth aliases oidc/lark/wechat expanded from registration loop,each operation registry + each source owner; intersect before aggregate,identity; finance owned by billing,HTTP newAdminGuard role>=10 or ADMIN_TOKEN; RPC service-token only; price exchange root>=100; user role special SetRole,"B1/A4 self ownership, JTI, OAuth/register/bootstrap atomicity; cross-user orders scope"
HTTP,admin,HandleFunc /api/user/export,app/admin/internal/server/http.go:511,handleOneAPIExportUsers,e7b1f8b8ab647f7acadfde93eb3aa77429a49ffa24d66099fc341b457676a943,admin,GET identity.user.export + contact/finance field permissions,compose source field permissions; no authority from proxy,each operation registry + each source owner; intersect before aggregate,identity,HTTP newAdminGuard role>=10 or ADMIN_TOKEN; RPC service-token only; price exchange root>=100; user role special SetRole,B resource: aliases/direct RPC + scope list/total/detail/bulk/export + fields/deny; P0 source drift check
HTTP,admin,HandleFunc /api/user/limits,app/admin/internal/server/http.go:372,handleUserLimits,ae0aa79070e358368cdaee08949bf44f8d096e9c3bf1ac1edc762ac98ebc7e17,self,GET public-safe projection or verified API key; no admin channel secrets,compose source field permissions; no authority from proxy,each operation registry + each source owner; intersect before aggregate,config/channel/billing,public projection; /v1/models verified API key,public field projection; API key never IAM admin
HTTP,admin,HandleFunc /api/user/login,app/admin/internal/server/http.go:378,identityProxy.ServeHTTP,2b9b2d49843ff8be073f1f21611e238e10f2f3df0eb906effea7a8b765acd5ed,public,authenticated owner only; independent self/auth rules; never implicit management operation,email including empty: identity.user.email_binding.update + user_credentials delegation; password/OAuth: identity.user.credential.update + delegation; status: identity.user.enable/disable; role: identity.user_role.assign/revoke diff; group: identity.routing_access.default.update + actual grant/revoke; contact: identity.user.contact.read; finance: billing.account.read; OAuth aliases oidc/lark/wechat expanded from registration loop,each operation registry + each source owner; intersect before aggregate,identity; finance owned by billing,HTTP newAdminGuard role>=10 or ADMIN_TOKEN; RPC service-token only; price exchange root>=100; user role special SetRole,"B1/A4 self ownership, JTI, OAuth/register/bootstrap atomicity; cross-user orders scope"
HTTP,admin,HandleFunc /api/user/logout,app/admin/internal/server/http.go:379,identityProxy.ServeHTTP,3ebbf38df99f846f69579208e6e8ce3134b6ee0e46f643242042f4681c19e162,self,authenticated owner only; independent self/auth rules; never implicit management operation,email including empty: identity.user.email_binding.update + user_credentials delegation; password/OAuth: identity.user.credential.update + delegation; status: identity.user.enable/disable; role: identity.user_role.assign/revoke diff; group: identity.routing_access.default.update + actual grant/revoke; contact: identity.user.contact.read; finance: billing.account.read; OAuth aliases oidc/lark/wechat expanded from registration loop,each operation registry + each source owner; intersect before aggregate,identity; finance owned by billing,HTTP newAdminGuard role>=10 or ADMIN_TOKEN; RPC service-token only; price exchange root>=100; user role special SetRole,"B1/A4 self ownership, JTI, OAuth/register/bootstrap atomicity; cross-user orders scope"
HTTP,admin,HandleFunc /api/user/logs,app/admin/internal/server/http.go:383,identityProxy.ServeHTTP,6b4ae71d4751abdedc732a283529070864ae61a5e16406bdf561764452e4ced1,self,authenticated owner only; independent self/auth rules; never implicit management operation,email including empty: identity.user.email_binding.update + user_credentials delegation; password/OAuth: identity.user.credential.update + delegation; status: identity.user.enable/disable; role: identity.user_role.assign/revoke diff; group: identity.routing_access.default.update + actual grant/revoke; contact: identity.user.contact.read; finance: billing.account.read; OAuth aliases oidc/lark/wechat expanded from registration loop,each operation registry + each source owner; intersect before aggregate,identity; finance owned by billing,HTTP newAdminGuard role>=10 or ADMIN_TOKEN; RPC service-token only; price exchange root>=100; user role special SetRole,"B1/A4 self ownership, JTI, OAuth/register/bootstrap atomicity; cross-user orders scope"
HTTP,admin,HandleFunc /api/user/pay,app/admin/internal/server/http.go:388,identityProxy.ServeHTTP,67329f29862912997f62e65e253b05c6101d1b55d451f0752d177fb07eb57748,self,authenticated owner only; independent self/auth rules; never implicit management operation,email including empty: identity.user.email_binding.update + user_credentials delegation; password/OAuth: identity.user.credential.update + delegation; status: identity.user.enable/disable; role: identity.user_role.assign/revoke diff; group: identity.routing_access.default.update + actual grant/revoke; contact: identity.user.contact.read; finance: billing.account.read; OAuth aliases oidc/lark/wechat expanded from registration loop,each operation registry + each source owner; intersect before aggregate,identity; finance owned by billing,HTTP newAdminGuard role>=10 or ADMIN_TOKEN; RPC service-token only; price exchange root>=100; user role special SetRole,"B1/A4 self ownership, JTI, OAuth/register/bootstrap atomicity; cross-user orders scope"
HTTP,admin,HandleFunc /api/user/payment/orders,app/admin/internal/server/http.go:384,identityProxy.ServeHTTP,8e0d381e2d359cb30a18b5be9e878bed1519ec29c895bff426756a9561167b4b,mixed,GET verified owner; cross-user requires billing.payment.read/list by branch + target user scope,email including empty: identity.user.email_binding.update + user_credentials delegation; password/OAuth: identity.user.credential.update + delegation; status: identity.user.enable/disable; role: identity.user_role.assign/revoke diff; group: identity.routing_access.default.update + actual grant/revoke; contact: identity.user.contact.read; finance: billing.account.read; OAuth aliases oidc/lark/wechat expanded from registration loop,each operation registry + each source owner; intersect before aggregate,identity; finance owned by billing,HTTP newAdminGuard role>=10 or ADMIN_TOKEN; RPC service-token only; price exchange root>=100; user role special SetRole,"B1/A4 self ownership, JTI, OAuth/register/bootstrap atomicity; cross-user orders scope"
HTTP,admin,HandleFunc /api/user/payments/alipay/notify,app/admin/internal/server/http.go:396,billingHTTPProxy.ServeHTTP,aa370020f12315975e685063f9503d8d6c3166cb15755f08bbe54e003b2d4f81,system,"POST verified provider signature/order amount; callback capability, no user IAM",compose source field permissions; no authority from proxy,each operation registry + each source owner; intersect before aggregate,billing,proxy to billing callback signature,forged callback/amount rejected; payment idempotency
HTTP,admin,HandleFunc /api/user/quota,app/admin/internal/server/http.go:382,identityProxy.ServeHTTP,106de976595ca790dbcd1293510983e59db81cada01f0a018c06e6c0d8788101,self,authenticated owner only; independent self/auth rules; never implicit management operation,email including empty: identity.user.email_binding.update + user_credentials delegation; password/OAuth: identity.user.credential.update + delegation; status: identity.user.enable/disable; role: identity.user_role.assign/revoke diff; group: identity.routing_access.default.update + actual grant/revoke; contact: identity.user.contact.read; finance: billing.account.read; OAuth aliases oidc/lark/wechat expanded from registration loop,each operation registry + each source owner; intersect before aggregate,identity; finance owned by billing,HTTP newAdminGuard role>=10 or ADMIN_TOKEN; RPC service-token only; price exchange root>=100; user role special SetRole,"B1/A4 self ownership, JTI, OAuth/register/bootstrap atomicity; cross-user orders scope"
HTTP,admin,HandleFunc /api/user/register,app/admin/internal/server/http.go:377,identityProxy.ServeHTTP,6e414b4ff127702297e5f7a638a782def1fc0f7e6d61602fc4af82c330480e14,public,authenticated owner only; independent self/auth rules; never implicit management operation,email including empty: identity.user.email_binding.update + user_credentials delegation; password/OAuth: identity.user.credential.update + delegation; status: identity.user.enable/disable; role: identity.user_role.assign/revoke diff; group: identity.routing_access.default.update + actual grant/revoke; contact: identity.user.contact.read; finance: billing.account.read; OAuth aliases oidc/lark/wechat expanded from registration loop,each operation registry + each source owner; intersect before aggregate,identity; finance owned by billing,HTTP newAdminGuard role>=10 or ADMIN_TOKEN; RPC service-token only; price exchange root>=100; user role special SetRole,"B1/A4 self ownership, JTI, OAuth/register/bootstrap atomicity; cross-user orders scope"
HTTP,admin,HandleFunc /api/user/self,app/admin/internal/server/http.go:380,identityProxy.ServeHTTP,73d33819b01b5e7a77ae54938bf8022e403b48779be74a4f38f081b5986d7e6f,self,authenticated owner only; independent self/auth rules; never implicit management operation,email including empty: identity.user.email_binding.update + user_credentials delegation; password/OAuth: identity.user.credential.update + delegation; status: identity.user.enable/disable; role: identity.user_role.assign/revoke diff; group: identity.routing_access.default.update + actual grant/revoke; contact: identity.user.contact.read; finance: billing.account.read; OAuth aliases oidc/lark/wechat expanded from registration loop,each operation registry + each source owner; intersect before aggregate,identity; finance owned by billing,HTTP newAdminGuard role>=10 or ADMIN_TOKEN; RPC service-token only; price exchange root>=100; user role special SetRole,"B1/A4 self ownership, JTI, OAuth/register/bootstrap atomicity; cross-user orders scope"
HTTP,admin,HandleFunc /api/user/topup,app/admin/internal/server/http.go:386,identityProxy.ServeHTTP,09af25397c6d346354eb1b32a1f88210beb3105ef27ed29428666de69cba7966,self,authenticated owner only; independent self/auth rules; never implicit management operation,email including empty: identity.user.email_binding.update + user_credentials delegation; password/OAuth: identity.user.credential.update + delegation; status: identity.user.enable/disable; role: identity.user_role.assign/revoke diff; group: identity.routing_access.default.update + actual grant/revoke; contact: identity.user.contact.read; finance: billing.account.read; OAuth aliases oidc/lark/wechat expanded from registration loop,each operation registry + each source owner; intersect before aggregate,identity; finance owned by billing,HTTP newAdminGuard role>=10 or ADMIN_TOKEN; RPC service-token only; price exchange root>=100; user role special SetRole,"B1/A4 self ownership, JTI, OAuth/register/bootstrap atomicity; cross-user orders scope"
HTTP,admin,HandleFunc /api/v1/admin/payments/refund,app/admin/internal/server/http.go:620,handleRefundPaymentOrder,b5faa9e3ddcb9ac7cb3453b9b3bb7496350c5fd2704ade14dd21a378a127c1d7,admin,POST billing.payment.refund,compose source field permissions; no authority from proxy,each operation registry + each source owner; intersect before aggregate,billing,HTTP newAdminGuard role>=10 or ADMIN_TOKEN; RPC service-token only; price exchange root>=100; user role special SetRole,B resource: aliases/direct RPC + scope list/total/detail/bulk/export + fields/deny; P0 source drift check
HTTP,admin,HandleFunc /api/v1/admin/routing-groups,app/admin/internal/server/http.go:476,handleRoutingGroups,2d2b58f455fd03dad6127cee253e4962357b22ab31d335c129984464c1431fab,admin,GET channel.routing_group.list; POST channel.routing_group.create,compose source field permissions; no authority from proxy,each operation registry + each source owner; intersect before aggregate,channel,HTTP newAdminGuard role>=10 or ADMIN_TOKEN; RPC service-token only; price exchange root>=100; user role special SetRole,B resource: aliases/direct RPC + scope list/total/detail/bulk/export + fields/deny; P0 source drift check
HTTP,admin,HandleFunc /api/v1/admin/subscription-groups,app/admin/internal/server/http.go:483,handleSubscriptionGroups,8286df902d81995234341ac20074099b5d899e63eec4f584b42dd45fdd599043,admin,GET subscription.quota_policy.list; POST subscription.quota_policy.create,compose source field permissions; no authority from proxy,each operation registry + each source owner; intersect before aggregate,billing,HTTP newAdminGuard role>=10 or ADMIN_TOKEN; RPC service-token only; price exchange root>=100; user role special SetRole,B resource: aliases/direct RPC + scope list/total/detail/bulk/export + fields/deny; P0 source drift check
HTTP,admin,HandleFunc /api/v1/admin/subscription-plans,app/admin/internal/server/http.go:489,handleSubscriptionPlans,027d0c6d49ef5088fb4e8a9bacb955e99a424f0747bc254b62d2c6bf79a2e601,admin,GET subscription.plan.list; POST subscription.plan.create,compose source field permissions; no authority from proxy,each operation registry + each source owner; intersect before aggregate,billing,HTTP newAdminGuard role>=10 or ADMIN_TOKEN; RPC service-token only; price exchange root>=100; user role special SetRole,B resource: aliases/direct RPC + scope list/total/detail/bulk/export + fields/deny; P0 source drift check
HTTP,admin,HandleFunc /api/v1/admin/subscriptions,app/admin/internal/server/http.go:430,handleUserSubscriptions,36bb2cb29db6588066b75fd3a5914550828643e283067932027d1cc5694aede4,admin,GET subscription.user_subscription.list (with/without user filter),compose source field permissions; no authority from proxy,each operation registry + each source owner; intersect before aggregate,billing,HTTP newAdminGuard role>=10 or ADMIN_TOKEN; RPC service-token only; price exchange root>=100; user role special SetRole,B resource: aliases/direct RPC + scope list/total/detail/bulk/export + fields/deny; P0 source drift check
HTTP,admin,HandleFunc /api/v1/admin/subscriptions/assign,app/admin/internal/server/http.go:433,handleAssignSubscription,ce7f59b6868faf86a95c19a9739cb915d893b0593d9f464e22ca8ec4ee443e9d,admin,POST subscription.user_subscription.assign,compose source field permissions; no authority from proxy,each operation registry + each source owner; intersect before aggregate,billing,HTTP newAdminGuard role>=10 or ADMIN_TOKEN; RPC service-token only; price exchange root>=100; user role special SetRole,B resource: aliases/direct RPC + scope list/total/detail/bulk/export + fields/deny; P0 source drift check
HTTP,admin,HandleFunc /api/v1/admin/subscriptions/change,app/admin/internal/server/http.go:438,handleChangeSubscription,5197fa66432545f810d7db6c61abfda5e7bb2c1e0c2d5fc8427a952fdc7996b7,admin,POST subscription.user_subscription.change,compose source field permissions; no authority from proxy,each operation registry + each source owner; intersect before aggregate,billing,HTTP newAdminGuard role>=10 or ADMIN_TOKEN; RPC service-token only; price exchange root>=100; user role special SetRole,B resource: aliases/direct RPC + scope list/total/detail/bulk/export + fields/deny; P0 source drift check
HTTP,admin,HandleFunc /api/v1/admin/subscriptions/operation-report,app/admin/internal/server/http.go:444,handleSubscriptionOperationReport,d9e596a01f9f7a77c6a5fb3e85ffba14a319839ad31a6ff43db28533b819afe3,admin,GET subscription.user_subscription.report.read AND billing.payment.read/billing.account.cost.read selected fields,compose source field permissions; no authority from proxy,each operation registry + each source owner; intersect before aggregate,billing,HTTP newAdminGuard role>=10 or ADMIN_TOKEN; RPC service-token only; price exchange root>=100; user role special SetRole,B resource: aliases/direct RPC + scope list/total/detail/bulk/export + fields/deny; P0 source drift check
HTTP,admin,HandleFunc /api/v1/routing-access,app/admin/internal/server/http.go:451,handleRoutingAccess,459077b01dd24d922ce812dba9b77614a2c999baef412ddbb2b518f657157eca,self,GET/POST/PUT branch: verified session owner + commerce/routing eligibility; self change has no admin exemption,compose source field permissions; no authority from proxy,each operation registry + each source owner; intersect before aggregate,identity/channel/billing,"verified bearer resolved by service, not client user_id",self purchase/change/tokens ownership + cutover + routing constraints
HTTP,admin,HandleFunc /api/v1/routing-groups/available,app/admin/internal/server/http.go:450,handleRoutingAvailable,abf28b21c96f4fb3e5557b8109b9e72b1bef65e1e1108e3c5f4fe508834e221d,self,GET/POST/PUT branch: verified session owner + commerce/routing eligibility; self change has no admin exemption,compose source field permissions; no authority from proxy,each operation registry + each source owner; intersect before aggregate,identity/channel/billing,"verified bearer resolved by service, not client user_id",self purchase/change/tokens ownership + cutover + routing constraints
HTTP,admin,HandleFunc /api/v1/routing-tokens,app/admin/internal/server/http.go:474,handleRoutingToken,f1f077a75ecac01e40830e96e0683c2ab683d923553c6ff592906f548ffef359,self,GET/POST/PUT branch: verified session owner + commerce/routing eligibility; self change has no admin exemption,compose source field permissions; no authority from proxy,each operation registry + each source owner; intersect before aggregate,identity/channel/billing,"verified bearer resolved by service, not client user_id",self purchase/change/tokens ownership + cutover + routing constraints
HTTP,admin,HandleFunc /api/v1/subscriptions/change,app/admin/internal/server/http.go:420,handleChangeSubscription,5135db3b24b3798732ea40d56aefb7a52bf25dc76b1a03f00a49435bcf470362,self,GET/POST/PUT branch: verified session owner + commerce/routing eligibility; self change has no admin exemption,compose source field permissions; no authority from proxy,each operation registry + each source owner; intersect before aggregate,identity/channel/billing,"verified bearer resolved by service, not client user_id",self purchase/change/tokens ownership + cutover + routing constraints
HTTP,admin,HandleFunc /api/v1/subscriptions/groups,app/admin/internal/server/http.go:414,handlePurchasableSubscriptionGroups,69d634ab038c2ab708f02a12740d1756276947ead0119636ec7ab74f980d5794,self,GET/POST/PUT branch: verified session owner + commerce/routing eligibility; self change has no admin exemption,compose source field permissions; no authority from proxy,each operation registry + each source owner; intersect before aggregate,identity/channel/billing,"verified bearer resolved by service, not client user_id",self purchase/change/tokens ownership + cutover + routing constraints
HTTP,admin,HandleFunc /api/v1/subscriptions/plans,app/admin/internal/server/http.go:417,handlePurchasableSubscriptionPlans,a16a640558322311e1e2bc5f53b8bb9be89785cb38587f842bc64f69fd8c7f0d,self,GET/POST/PUT branch: verified session owner + commerce/routing eligibility; self change has no admin exemption,compose source field permissions; no authority from proxy,each operation registry + each source owner; intersect before aggregate,identity/channel/billing,"verified bearer resolved by service, not client user_id",self purchase/change/tokens ownership + cutover + routing constraints
HTTP,admin,HandleFunc /api/v1/subscriptions/progress,app/admin/internal/server/http.go:409,handleCurrentSubscriptionProgress,b8f557b2f18bbc7089968eecd4859c7577a5c66b6a3f633710b1ec8a23e36a39,self,GET/POST/PUT branch: verified session owner + commerce/routing eligibility; self change has no admin exemption,compose source field permissions; no authority from proxy,each operation registry + each source owner; intersect before aggregate,identity/channel/billing,"verified bearer resolved by service, not client user_id",self purchase/change/tokens ownership + cutover + routing constraints
HTTP,admin,HandleFunc /api/v1/subscriptions/purchase,app/admin/internal/server/http.go:421,handlePurchaseSubscription,b2722683260c69f10c20eb5b3e1849ce7e3d2e9596fdaa93b0aa867d5a9760b7,self,GET/POST/PUT branch: verified session owner + commerce/routing eligibility; self change has no admin exemption,compose source field permissions; no authority from proxy,each operation registry + each source owner; intersect before aggregate,identity/channel/billing,"verified bearer resolved by service, not client user_id",self purchase/change/tokens ownership + cutover + routing constraints
HTTP,admin,HandleFunc /api/v1/subscriptions/purchase/complete,app/admin/internal/server/http.go:427,handleCompleteSubscriptionPurchase,5277e73659f1561e8db3621d612f44e4f6a0bfb52d2c3fb607c1a6617345494d,self,GET/POST/PUT branch: verified session owner + commerce/routing eligibility; self change has no admin exemption,compose source field permissions; no authority from proxy,each operation registry + each source owner; intersect before aggregate,identity/channel/billing,"verified bearer resolved by service, not client user_id",self purchase/change/tokens ownership + cutover + routing constraints
HTTP,admin,HandleFunc /api/v1/subscriptions/purchase/payment,app/admin/internal/server/http.go:424,handlePurchaseSubscriptionWithPayment,c31c44eac7e1a0722d6367e71b566538dc9d1d014e1deb53757394e8b947bced,self,GET/POST/PUT branch: verified session owner + commerce/routing eligibility; self change has no admin exemption,compose source field permissions; no authority from proxy,each operation registry + each source owner; intersect before aggregate,identity/channel/billing,"verified bearer resolved by service, not client user_id",self purchase/change/tokens ownership + cutover + routing constraints
HTTP,admin,HandleFunc /api/v1/user/payments/alipay/notify,app/admin/internal/server/http.go:395,billingHTTPProxy.ServeHTTP,244fa28e81eac1d5f996cb8fa9bc73a9d57dd03969254778aa51900e74697958,system,"POST verified provider signature/order amount; callback capability, no user IAM",compose source field permissions; no authority from proxy,each operation registry + each source owner; intersect before aggregate,billing,proxy to billing callback signature,forged callback/amount rejected; payment idempotency
HTTP,admin,HandleFunc /favicon.svg,app/admin/internal/server/http.go:218,handlePage,357bbbf33620b9088f791da98b9769d622035bd84c72467d46b771fe9da07c63,public,no user IAM; health/metrics deployment access; assets GET only; unknown API never SPA fallback,no business fields,n/a,admin,no user guard,health/assets only; unknown API rejection
HTTP,admin,HandleFunc /healthz,app/admin/internal/server/http.go:224,inline,b77a96831213b313c69cf42f5a961705df913d08c621b9b9727bf31de3fa6f88,public,no user IAM; health/metrics deployment access; assets GET only; unknown API never SPA fallback,no business fields,n/a,admin,no user guard,health/assets only; unknown API rejection
HTTP,admin,HandleFunc /logo-icon.svg,app/admin/internal/server/http.go:219,handlePage,e46926f547d8b1c0ba90198a9c45037a6cc515bae8632c4caac9d71a5d814e56,public,no user IAM; health/metrics deployment access; assets GET only; unknown API never SPA fallback,no business fields,n/a,admin,no user guard,health/assets only; unknown API rejection
HTTP,admin,HandleFunc /logo-wordmark.svg,app/admin/internal/server/http.go:220,handlePage,bfad5c4429bdc59516cee62eccd4eafc05ea4fba358b3a5d68724337ca4d3f04,public,no user IAM; health/metrics deployment access; assets GET only; unknown API never SPA fallback,no business fields,n/a,admin,no user guard,health/assets only; unknown API rejection
HTTP,admin,HandleFunc /metrics,app/admin/internal/server/http.go:221,metrics.Handler metrics.Handler().ServeHTTP,f40ed01a4df849012d862b65cdc193ee0b9c41c3492b5d47e8b6289d09a50acc,public,no user IAM; health/metrics deployment access; assets GET only; unknown API never SPA fallback,no business fields,n/a,admin,no user guard,health/assets only; unknown API rejection
HTTP,admin,HandleFunc /v1/account,app/admin/internal/server/http.go:580,handleGetAccount,666f3d7e69cbc960ce250f877eb4dfed4c63064eab1005b46b8d93e0930502d9,admin,GET billing.account.read; balance/usage are distinct finance fields,compose source field permissions; no authority from proxy,each operation registry + each source owner; intersect before aggregate,billing,HTTP newAdminGuard role>=10 or ADMIN_TOKEN; RPC service-token only; price exchange root>=100; user role special SetRole,B resource: aliases/direct RPC + scope list/total/detail/bulk/export + fields/deny; P0 source drift check
HTTP,admin,HandleFunc /v1/channels,app/admin/internal/server/http.go:530,handleChannels,cc53b94634b563b6e3bbef3fc9c634056a34979d495ea410e5d8c40666f1f783,admin,GET channel.channel.list; POST channel.channel.create; PUT channel.channel.update + key read: channel.channel.secret.read; key write: channel.channel.secret.rotate; status enable/disable separate; group/model mapping before+after facts,compose source field permissions; no authority from proxy,each operation registry + each source owner; intersect before aggregate,channel,HTTP newAdminGuard role>=10 or ADMIN_TOKEN; RPC service-token only; price exchange root>=100; user role special SetRole,B resource: aliases/direct RPC + scope list/total/detail/bulk/export + fields/deny; P0 source drift check
HTTP,admin,HandleFunc /v1/logs,app/admin/internal/server/http.go:561,handleListLogs,fd3cd086f3b8294049ae4ed55f9b0f630c95b602a99d520cd6b71f846df593e0,admin,"GET billing.account.ledger.read (legacy ledger, not request log)",compose source field permissions; no authority from proxy,each operation registry + each source owner; intersect before aggregate,billing,HTTP newAdminGuard role>=10 or ADMIN_TOKEN; RPC service-token only; price exchange root>=100; user role special SetRole,B resource: aliases/direct RPC + scope list/total/detail/bulk/export + fields/deny; P0 source drift check
HTTP,admin,HandleFunc /v1/models,app/admin/internal/server/http.go:281,inline,832742d9cd5b239d27abfb5d0b31a3ad888c3745b5d8d03659dc1d78a9be6937,self,GET public-safe projection or verified API key; no admin channel secrets,compose source field permissions; no authority from proxy,each operation registry + each source owner; intersect before aggregate,config/channel/billing,public projection; /v1/models verified API key,public field projection; API key never IAM admin
HTTP,admin,HandleFunc /v1/redeem-codes,app/admin/internal/server/http.go:584,handleRedeemCodes,b392b9df459595f281f34c686f4423bd623852df66197e309554ca9d8ad3c4f3,admin,GET billing.redemption.list; POST billing.redemption.create; PUT billing.redemption.update,compose source field permissions; no authority from proxy,each operation registry + each source owner; intersect before aggregate,billing,HTTP newAdminGuard role>=10 or ADMIN_TOKEN; RPC service-token only; price exchange root>=100; user role special SetRole,B resource: aliases/direct RPC + scope list/total/detail/bulk/export + fields/deny; P0 source drift check
HTTP,admin,HandleFunc /v1/redeem-codes/batch,app/admin/internal/server/http.go:587,handleRedeemCodesBatch,4dcebdcad69402dfec0685c67ee1a8d6fbd4b63905aa7063be7717f5592d9fba,admin,POST billing.redemption.batch_create,compose source field permissions; no authority from proxy,each operation registry + each source owner; intersect before aggregate,billing,HTTP newAdminGuard role>=10 or ADMIN_TOKEN; RPC service-token only; price exchange root>=100; user role special SetRole,B resource: aliases/direct RPC + scope list/total/detail/bulk/export + fields/deny; P0 source drift check
HTTP,admin,HandleFunc /v1/subscription-accounts,app/admin/internal/server/http.go:536,handleSubscriptionAccounts,fb8376d6d039c78613359ef1929147d4d7d54b710fd6bad51af745b897be209c,admin,GET channel.account.list; POST channel.account.create + credentials/tokens: channel.account.credential.update; OAuth: channel.account.oauth.bind; quota reset: channel.account.quota.reset; recovery channel.account.recovery.clear; raw credentials only relay/refresh capability; PUT currently 405; updates use detail route,compose source field permissions; no authority from proxy,each operation registry + each source owner; intersect before aggregate,channel,HTTP newAdminGuard role>=10 or ADMIN_TOKEN; RPC service-token only; price exchange root>=100; user role special SetRole,B resource: aliases/direct RPC + scope list/total/detail/bulk/export + fields/deny; P0 source drift check
HTTP,admin,HandleFunc /v1/system/options,app/admin/internal/server/http.go:554,handleGetSystemOptions,8a57d1c5bf565aed8d5394f705304c3e96b22a7e50ab3c14e86774c2208a5584,admin,GET system.option.read with key field classification,compose source field permissions; no authority from proxy,each operation registry + each source owner; intersect before aggregate,config,HTTP newAdminGuard role>=10 or ADMIN_TOKEN; RPC service-token only; price exchange root>=100; user role special SetRole,B resource: aliases/direct RPC + scope list/total/detail/bulk/export + fields/deny; P0 source drift check
HTTP,admin,HandleFunc /v1/topup,app/admin/internal/server/http.go:602,handleTopUp,4a611f033f9e227b47f6a9b28ae50e1038b3644332160ff86d6abe959e7b65c7,admin,POST billing.account.balance.adjust + reason/idempotency,compose source field permissions; no authority from proxy,each operation registry + each source owner; intersect before aggregate,billing,HTTP newAdminGuard role>=10 or ADMIN_TOKEN; RPC service-token only; price exchange root>=100; user role special SetRole,B resource: aliases/direct RPC + scope list/total/detail/bulk/export + fields/deny; P0 source drift check
HTTP,admin,HandleFunc /v1/users,app/admin/internal/server/http.go:520,handleUsers,8e84fcfa9bf94b66be1f7ce34ac4016684cbbdabf78d7d8b6cb4f8fa5e35a3ca,admin,GET identity.user.list; POST identity.user.create; PUT identity.user.update + email including empty: identity.user.email_binding.update + user_credentials delegation; password/OAuth: identity.user.credential.update + delegation; status: identity.user.enable/disable; role: identity.user_role.assign/revoke diff; group: identity.routing_access.default.update + actual grant/revoke; contact: identity.user.contact.read; finance: billing.account.read,compose source field permissions; no authority from proxy,each operation registry + each source owner; intersect before aggregate,billing/identity,HTTP newAdminGuard role>=10 or ADMIN_TOKEN; RPC service-token only; price exchange root>=100; user role special SetRole,B resource: aliases/direct RPC + scope list/total/detail/bulk/export + fields/deny; P0 source drift check
HTTP,admin,HandleFunc /v1/users/reset-quota,app/admin/internal/server/http.go:605,handleResetUserQuota,b8dd88487f9f5acebda78389c339d366d1e6ddf3e0d5835ec3cd40d9189d192a,admin,POST billing.account.balance.reset,compose source field permissions; no authority from proxy,each operation registry + each source owner; intersect before aggregate,billing,HTTP newAdminGuard role>=10 or ADMIN_TOKEN; RPC service-token only; price exchange root>=100; user role special SetRole,B resource: aliases/direct RPC + scope list/total/detail/bulk/export + fields/deny; P0 source drift check
HTTP,admin,HandlePrefix /api/admin/channels/,app/admin/internal/server/http.go:706,handleAdminChannelPath,82363403f5ebb22d96719a6bf22d549e201dfe419c8ca4ebeb0f38ce8112d160,admin,GET /model-mappings channel.model_mapping.read; POST upsert create/update diff; DELETE mapping delete; /usage-stats channel.model_usage.read; all AND channel.channel.read scope,compose source field permissions; no authority from proxy,each operation registry + each source owner; intersect before aggregate,channel,HTTP newAdminGuard role>=10 or ADMIN_TOKEN; RPC service-token only; price exchange root>=100; user role special SetRole,B resource: aliases/direct RPC + scope list/total/detail/bulk/export + fields/deny; P0 source drift check
HTTP,admin,HandlePrefix /api/admin/model-routings/,app/admin/internal/server/http.go:717,handleModelRoutings,b5302125b4932bd60c5c2d7ae894d5471b6a699bbebc24dc73659a7772d06ae9,admin,GET channel.model_routing.read; POST create/update diff channel.model_routing.create/channel.model_routing.update; DELETE channel.model_routing.delete,compose source field permissions; no authority from proxy,each operation registry + each source owner; intersect before aggregate,channel,HTTP newAdminGuard role>=10 or ADMIN_TOKEN; RPC service-token only; price exchange root>=100; user role special SetRole,B resource: aliases/direct RPC + scope list/total/detail/bulk/export + fields/deny; P0 source drift check
HTTP,admin,HandlePrefix /api/admin/models/,app/admin/internal/server/http.go:703,handleModels,dc233e4db8e7241abc53dd458bd9c8b410365961fbe89c29a3aab96b0ab97640,admin,GET channel.model.list; POST channel.model.create; PUT channel.model.update; POST /batch channel.model.batch_update; detail GET read channel.model.read; DELETE channel.model.delete; PATCH /status enable/disable; /usage-stats channel.model_usage.read; /aliases GET/POST/DELETE channel.model_alias.read/create/delete; /channels channel.channel.list AND model.read; /subscriptions channel.account.list AND model.read,compose source field permissions; no authority from proxy,each operation registry + each source owner; intersect before aggregate,channel,HTTP newAdminGuard role>=10 or ADMIN_TOKEN; RPC service-token only; price exchange root>=100; user role special SetRole,B resource: aliases/direct RPC + scope list/total/detail/bulk/export + fields/deny; P0 source drift check
HTTP,admin,HandlePrefix /api/admin/models/canonical/merge,app/admin/internal/server/http.go:670,handleCanonicalMerge,0f601c4ffb87ecee5837362a15035a87c717ac9ef0b891ae22c67a9fdaca0881,admin,POST channel.model.canonical.merge,compose source field permissions; no authority from proxy,each operation registry + each source owner; intersect before aggregate,channel,HTTP newAdminGuard role>=10 or ADMIN_TOKEN; RPC service-token only; price exchange root>=100; user role special SetRole,B resource: aliases/direct RPC + scope list/total/detail/bulk/export + fields/deny; P0 source drift check
HTTP,admin,HandlePrefix /api/admin/models/canonical/preflight,app/admin/internal/server/http.go:667,handleCanonicalPreflight,84254727918d90f1c9c63ed55ec2c92cb4e65c535bfb4c184d1acc61d6922002,admin,GET channel.model.canonical.preflight,compose source field permissions; no authority from proxy,each operation registry + each source owner; intersect before aggregate,channel,HTTP newAdminGuard role>=10 or ADMIN_TOKEN; RPC service-token only; price exchange root>=100; user role special SetRole,B resource: aliases/direct RPC + scope list/total/detail/bulk/export + fields/deny; P0 source drift check
HTTP,admin,HandlePrefix /api/admin/models/unpriced,app/admin/internal/server/http.go:674,handleUnpricedRoutedModels,0a78eccf4cddf4a32c60234a0f68b394199847a0d7be5b839417349a6264d965,admin,GET channel.model.list AND billing.pricing.read,compose source field permissions; no authority from proxy,each operation registry + each source owner; intersect before aggregate,billing/channel,HTTP newAdminGuard role>=10 or ADMIN_TOKEN; RPC service-token only; price exchange root>=100; user role special SetRole,B resource: aliases/direct RPC + scope list/total/detail/bulk/export + fields/deny; P0 source drift check
HTTP,admin,HandlePrefix /api/admin/notifications/,app/admin/internal/server/http.go:726,handleNotifyProxyByID,fdba54bca550c13b1f5882b6d9705f813609216dfc42ddd524ea2ebac4c5cad1,admin,GET notify.notification.read; PUT /status currently 501/unbound; acknowledge is a separate future API,compose source field permissions; no authority from proxy,each operation registry + each source owner; intersect before aggregate,notify,HTTP newAdminGuard role>=10 or ADMIN_TOKEN; RPC service-token only; price exchange root>=100; user role special SetRole,B resource: aliases/direct RPC + scope list/total/detail/bulk/export + fields/deny; P0 source drift check
HTTP,admin,HandlePrefix /api/admin/subscription-accounts/,app/admin/internal/server/http.go:709,handleAdminSubscriptionAccountPath,c1ad11cf9782f5928197a8e50d2c34b5bd596ea478f9ff1cfbcfab71eb610134,admin,GET /model-mappings channel.model_mapping.read; POST upsert create/update diff; DELETE mapping delete; all AND channel.account.read scope,compose source field permissions; no authority from proxy,each operation registry + each source owner; intersect before aggregate,channel,HTTP newAdminGuard role>=10 or ADMIN_TOKEN; RPC service-token only; price exchange root>=100; user role special SetRole,B resource: aliases/direct RPC + scope list/total/detail/bulk/export + fields/deny; P0 source drift check
HTTP,admin,HandlePrefix /api/channel,app/admin/internal/server/http.go:653,handleOneAPIChannels,fddc7796e9b77ad00f6197ebccd96b4a854601c155ba692b03460e41ed71b9cc,admin,GET list/search channel.channel.list; POST channel.channel.create; PUT channel.channel.update + key read: channel.channel.secret.read; key write: channel.channel.secret.rotate; status enable/disable separate; group/model mapping before+after facts; /delete and /batch_delete channel.channel.batch_delete; /fix returns fixed success/no mutation,compose source field permissions; no authority from proxy,each operation registry + each source owner; intersect before aggregate,channel,HTTP newAdminGuard role>=10 or ADMIN_TOKEN; RPC service-token only; price exchange root>=100; user role special SetRole,B resource: aliases/direct RPC + scope list/total/detail/bulk/export + fields/deny; P0 source drift check
HTTP,admin,HandlePrefix /api/channel/,app/admin/internal/server/http.go:650,handleOneAPIChannelByID,405ed6d1a11b6a848c4d73a2d8cf56a6788b5de8e3e72ad3dcade9528c8adc52,admin,GET channel.channel.read; DELETE channel.channel.delete; PUT currently 405; /search GET channel.channel.list; /disabled DELETE channel.channel.batch_delete; /batch POST channel.channel.batch_delete; /fix no mutation; test/balance/status use separate registered aliases,compose source field permissions; no authority from proxy,each operation registry + each source owner; intersect before aggregate,channel,HTTP newAdminGuard role>=10 or ADMIN_TOKEN; RPC service-token only; price exchange root>=100; user role special SetRole,B resource: aliases/direct RPC + scope list/total/detail/bulk/export + fields/deny; P0 source drift check
HTTP,admin,HandlePrefix /api/channel/disable/,app/admin/internal/server/http.go:641,handleOneAPIChannelStatusAlias,6154b1752497afe5871306949f0636723a77bb59a1a6283da7f332add06f4bce,admin,GET/POST alias: channel.channel.disable,compose source field permissions; no authority from proxy,each operation registry + each source owner; intersect before aggregate,channel,HTTP newAdminGuard role>=10 or ADMIN_TOKEN; RPC service-token only; price exchange root>=100; user role special SetRole,B resource: aliases/direct RPC + scope list/total/detail/bulk/export + fields/deny; P0 source drift check
HTTP,admin,HandlePrefix /api/channel/enable/,app/admin/internal/server/http.go:644,handleOneAPIChannelStatusAlias,6f282b4332237927ed5ad199620d1f2f772610b5755a3fbde4224d69d80008ee,admin,GET/POST alias: channel.channel.enable,compose source field permissions; no authority from proxy,each operation registry + each source owner; intersect before aggregate,channel,HTTP newAdminGuard role>=10 or ADMIN_TOKEN; RPC service-token only; price exchange root>=100; user role special SetRole,B resource: aliases/direct RPC + scope list/total/detail/bulk/export + fields/deny; P0 source drift check
HTTP,admin,HandlePrefix /api/channel/test/,app/admin/internal/server/http.go:626,handleTestChannel,846652828716dec6dd435b82654959241816d3adcac13bbd728ad2608dc7f698,admin,GET channel.channel.test (mutates health),compose source field permissions; no authority from proxy,each operation registry + each source owner; intersect before aggregate,channel,HTTP newAdminGuard role>=10 or ADMIN_TOKEN; RPC service-token only; price exchange root>=100; user role special SetRole,B resource: aliases/direct RPC + scope list/total/detail/bulk/export + fields/deny; P0 source drift check
HTTP,admin,HandlePrefix /api/channel/update_balance/,app/admin/internal/server/http.go:632,handleUpdateChannelBalance,7229d175d52f0231939dccb8908c0ba4c35a2ebe8def9c05c705be6adec13198,admin,GET channel.channel.balance.refresh (mutates balance),compose source field permissions; no authority from proxy,each operation registry + each source owner; intersect before aggregate,channel,HTTP newAdminGuard role>=10 or ADMIN_TOKEN; RPC service-token only; price exchange root>=100; user role special SetRole,B resource: aliases/direct RPC + scope list/total/detail/bulk/export + fields/deny; P0 source drift check
HTTP,admin,HandlePrefix /api/group,app/admin/internal/server/http.go:398,handleGroupManagement,99feab5ffa02c2340f2a81e8d45252c6a9d28dfd310da2b5667067e7b0732d01,admin,"GET billing.pricing.read; POST/PUT/DELETE system.option.pricing.update (legacy group-ratio options, NOT routing-group entity)",compose source field permissions; no authority from proxy,each operation registry + each source owner; intersect before aggregate,billing/config,HTTP newAdminGuard role>=10 or ADMIN_TOKEN; RPC service-token only; price exchange root>=100; user role special SetRole,B resource: aliases/direct RPC + scope list/total/detail/bulk/export + fields/deny; P0 source drift check
HTTP,admin,HandlePrefix /api/log,app/admin/internal/server/http.go:576,handleOneAPILogs,009cbd28d425946d8c2f0227544716e129c98f24911f8ef06b32c51bf8a6fadb,admin,GET log.request.list; DELETE currently unavailable -> log.request.purge draft; /stat log.request.stats.read,compose source field permissions; no authority from proxy,each operation registry + each source owner; intersect before aggregate,log,HTTP newAdminGuard role>=10 or ADMIN_TOKEN; RPC service-token only; price exchange root>=100; user role special SetRole,B resource: aliases/direct RPC + scope list/total/detail/bulk/export + fields/deny; P0 source drift check
HTTP,admin,HandlePrefix /api/log/,app/admin/internal/server/http.go:573,handleOneAPILogByID,64b47b0d42bb077e2794c20721eb14a6259d1e0d31a7c4ee304fbf3baf9972c9,admin,GET log.request.read; request/response content log.request.content.read; DELETE currently unavailable -> log.request.delete draft,compose source field permissions; no authority from proxy,each operation registry + each source owner; intersect before aggregate,log,HTTP newAdminGuard role>=10 or ADMIN_TOKEN; RPC service-token only; price exchange root>=100; user role special SetRole,B resource: aliases/direct RPC + scope list/total/detail/bulk/export + fields/deny; P0 source drift check
HTTP,admin,HandlePrefix /api/oauth/,app/admin/internal/server/http.go:391,inline,f6249523d0d14c6f3b380bb6a7bcaafeb37c45648cf409d55fa609ba8dfe91b2,mixed,OAuth login public verification; bind verified owner/state; user creation default-role atomic; organization disabled; no management privilege,email including empty: identity.user.email_binding.update + user_credentials delegation; password/OAuth: identity.user.credential.update + delegation; status: identity.user.enable/disable; role: identity.user_role.assign/revoke diff; group: identity.routing_access.default.update + actual grant/revoke; contact: identity.user.contact.read; finance: billing.account.read; OAuth aliases oidc/lark/wechat expanded from registration loop,each operation registry + each source owner; intersect before aggregate,identity; finance owned by billing,HTTP newAdminGuard role>=10 or ADMIN_TOKEN; RPC service-token only; price exchange root>=100; user role special SetRole,"B1/A4 self ownership, JTI, OAuth/register/bootstrap atomicity; cross-user orders scope"
HTTP,admin,HandlePrefix /api/option,app/admin/internal/server/http.go:557,handleOneAPIOptions,9b50b051d03333e9561aeef75dbb633557504173680dc04be00041d59c12b9d9,admin,GET system.option.read; PUT system.option.update + security: system.option.security.update; payment: system.option.payment.update; pricing: system.option.pricing.update; notice/about/home: system.content.notice.update/system.content.about.update/system.content.home.update; unknown key class rejects,compose source field permissions; no authority from proxy,each operation registry + each source owner; intersect before aggregate,config,HTTP newAdminGuard role>=10 or ADMIN_TOKEN; RPC service-token only; price exchange root>=100; user role special SetRole,B resource: aliases/direct RPC + scope list/total/detail/bulk/export + fields/deny; P0 source drift check
HTTP,admin,HandlePrefix /api/payment/orders/,app/admin/internal/server/http.go:614,handlePaymentOrderByTradeNo,f1fd23575303dd3b97f01fd27dcd2154fb0dbe30f97a11dfe4c43ff173b26366,admin,GET billing.payment.read (owner-verified trade/user),compose source field permissions; no authority from proxy,each operation registry + each source owner; intersect before aggregate,billing,HTTP newAdminGuard role>=10 or ADMIN_TOKEN; RPC service-token only; price exchange root>=100; user role special SetRole,B resource: aliases/direct RPC + scope list/total/detail/bulk/export + fields/deny; P0 source drift check
HTTP,admin,HandlePrefix /api/reconciliation/,app/admin/internal/server/http.go:635,handleReconciliationRunByID,c23e66295817c1bb065e94b1b01fdd1b8a6bd27c7b647b79b8301981cae96f62,admin,GET billing.reconciliation.read + issues billing.reconciliation.issues.read,compose source field permissions; no authority from proxy,each operation registry + each source owner; intersect before aggregate,billing,HTTP newAdminGuard role>=10 or ADMIN_TOKEN; RPC service-token only; price exchange root>=100; user role special SetRole,B resource: aliases/direct RPC + scope list/total/detail/bulk/export + fields/deny; P0 source drift check
HTTP,admin,HandlePrefix /api/redemption,app/admin/internal/server/http.go:599,handleOneAPIRedemptions,072f6c58a10d2628cef04e0bca29127bf97a4ca67ee41dfb61b37eb743eccff9,admin,GET billing.redemption.list; POST billing.redemption.batch_create; PUT billing.redemption.update,compose source field permissions; no authority from proxy,each operation registry + each source owner; intersect before aggregate,billing,HTTP newAdminGuard role>=10 or ADMIN_TOKEN; RPC service-token only; price exchange root>=100; user role special SetRole,B resource: aliases/direct RPC + scope list/total/detail/bulk/export + fields/deny; P0 source drift check
HTTP,admin,HandlePrefix /api/redemption/,app/admin/internal/server/http.go:596,handleOneAPIRedemptionByCode,7320c13ea1a891c9e444eab429285b4c3fd2a5f17e2b72f09a431e310f0ffb9b,admin,GET billing.redemption.read; PUT billing.redemption.update; DELETE billing.redemption.delete; /search billing.redemption.list,compose source field permissions; no authority from proxy,each operation registry + each source owner; intersect before aggregate,billing,HTTP newAdminGuard role>=10 or ADMIN_TOKEN; RPC service-token only; price exchange root>=100; user role special SetRole,B resource: aliases/direct RPC + scope list/total/detail/bulk/export + fields/deny; P0 source drift check
HTTP,admin,HandlePrefix /api/subscription-accounts/,app/admin/internal/server/http.go:550,handleSubscriptionAccountByID,e0bb4623f1faee959dc893a3bb00910c758700589b8a5fbe9285b0f8c582d4df,admin,GET channel.account.read; PUT channel.account.update + credentials/tokens: channel.account.credential.update; OAuth: channel.account.oauth.bind; quota reset: channel.account.quota.reset; recovery channel.account.recovery.clear; raw credentials only relay/refresh capability; DELETE channel.account.delete; POST /reset-quota channel.account.quota.reset; no /clear-error HTTP handler (RPC separately classified); PUT /status channel.account.enable/channel.account.disable; batch quota/reset and template: each target quota.reset/update,compose source field permissions; no authority from proxy,each operation registry + each source owner; intersect before aggregate,channel,HTTP newAdminGuard role>=10 or ADMIN_TOKEN; RPC service-token only; price exchange root>=100; user role special SetRole,B resource: aliases/direct RPC + scope list/total/detail/bulk/export + fields/deny; P0 source drift check
HTTP,admin,HandlePrefix /api/token/,app/admin/internal/server/http.go:390,inline,c3a8aeb4e80c0d06bb84ac074b9ff0ddb40e3f21b62ca19fc6c69ab8631c055e,self,authenticated owner only; independent self/auth rules; never implicit management operation,email including empty: identity.user.email_binding.update + user_credentials delegation; password/OAuth: identity.user.credential.update + delegation; status: identity.user.enable/disable; role: identity.user_role.assign/revoke diff; group: identity.routing_access.default.update + actual grant/revoke; contact: identity.user.contact.read; finance: billing.account.read; OAuth aliases oidc/lark/wechat expanded from registration loop,each operation registry + each source owner; intersect before aggregate,identity; finance owned by billing,HTTP newAdminGuard role>=10 or ADMIN_TOKEN; RPC service-token only; price exchange root>=100; user role special SetRole,"B1/A4 self ownership, JTI, OAuth/register/bootstrap atomicity; cross-user orders scope"
HTTP,admin,HandlePrefix /api/user,app/admin/internal/server/http.go:517,handleOneAPIUsers,673c1b816edb91ccd5f1cf0fa04890fcd1be42a598368c7090620aa0fa750163,admin,GET list/search identity.user.list; POST identity.user.create; PUT identity.user.update + email including empty: identity.user.email_binding.update + user_credentials delegation; password/OAuth: identity.user.credential.update + delegation; status: identity.user.enable/disable; role: identity.user_role.assign/revoke diff; group: identity.routing_access.default.update + actual grant/revoke; contact: identity.user.contact.read; finance: billing.account.read; manage action: enable identity.user.enable; disable identity.user.disable; delete identity.user.delete; promote/demote legacy retires to identity.user_role.assign/revoke,compose source field permissions; no authority from proxy,each operation registry + each source owner; intersect before aggregate,billing/identity,HTTP newAdminGuard role>=10 or ADMIN_TOKEN; RPC service-token only; price exchange root>=100; user role special SetRole,B resource: aliases/direct RPC + scope list/total/detail/bulk/export + fields/deny; P0 source drift check
HTTP,admin,HandlePrefix /api/user/,app/admin/internal/server/http.go:514,handleOneAPIUserByID,d9c1a930004f73b066d59fe5125bbb75b27524a559cde03dbb7d20b528df2937,admin,GET identity.user.read; DELETE identity.user.delete; PUT currently 405 (collection PUT is sensitive update); /search GET identity.user.list; /manage POST enable identity.user.enable; disable identity.user.disable; delete identity.user.delete; promote/demote legacy retires to identity.user_role.assign/revoke,compose source field permissions; no authority from proxy,each operation registry + each source owner; intersect before aggregate,identity,HTTP newAdminGuard role>=10 or ADMIN_TOKEN; RPC service-token only; price exchange root>=100; user role special SetRole,B resource: aliases/direct RPC + scope list/total/detail/bulk/export + fields/deny; P0 source drift check
HTTP,admin,HandlePrefix /api/user/disable/,app/admin/internal/server/http.go:505,handleOneAPIUserStatusAlias,6e1cee982409c382f4ee21f56a5a8ddac00fc3546b071dd96c7e3a450188c9d5,admin,GET/POST alias: identity.user.disable,compose source field permissions; no authority from proxy,each operation registry + each source owner; intersect before aggregate,identity,HTTP newAdminGuard role>=10 or ADMIN_TOKEN; RPC service-token only; price exchange root>=100; user role special SetRole,B resource: aliases/direct RPC + scope list/total/detail/bulk/export + fields/deny; P0 source drift check
HTTP,admin,HandlePrefix /api/user/enable/,app/admin/internal/server/http.go:508,handleOneAPIUserStatusAlias,33d6d5eafd39b7b506965de7183b98fe8577964cab7251a70f72ebe0b48c8f54,admin,GET/POST alias: identity.user.enable,compose source field permissions; no authority from proxy,each operation registry + each source owner; intersect before aggregate,identity,HTTP newAdminGuard role>=10 or ADMIN_TOKEN; RPC service-token only; price exchange root>=100; user role special SetRole,B resource: aliases/direct RPC + scope list/total/detail/bulk/export + fields/deny; P0 source drift check
HTTP,admin,HandlePrefix /api/user/payment/orders/,app/admin/internal/server/http.go:385,inline,be8a63a92785a01eda8422d383d6560c3fa3f1d353d601f1b3f50cb1e6a3cbc0,mixed,GET verified owner; cross-user requires billing.payment.read/list by branch + target user scope,email including empty: identity.user.email_binding.update + user_credentials delegation; password/OAuth: identity.user.credential.update + delegation; status: identity.user.enable/disable; role: identity.user_role.assign/revoke diff; group: identity.routing_access.default.update + actual grant/revoke; contact: identity.user.contact.read; finance: billing.account.read; OAuth aliases oidc/lark/wechat expanded from registration loop,each operation registry + each source owner; intersect before aggregate,identity; finance owned by billing,HTTP newAdminGuard role>=10 or ADMIN_TOKEN; RPC service-token only; price exchange root>=100; user role special SetRole,"B1/A4 self ownership, JTI, OAuth/register/bootstrap atomicity; cross-user orders scope"
HTTP,admin,HandlePrefix /api/v1/admin/accounts/subscription/oauth/,app/admin/internal/server/http.go:499,channelHTTPProxy.ServeHTTP,1602e8b15fb2d49557b6bbf6abf44c25893cc871204fe925fb584d6605d9d8ee,admin,POST channel.account.oauth.bind AND target account scope,credentials/tokens: channel.account.credential.update; OAuth: channel.account.oauth.bind; quota reset: channel.account.quota.reset; recovery channel.account.recovery.clear; raw credentials only relay/refresh capability,all/resource_ids/routing_group_ids,channel,HTTP newAdminGuard role>=10 or ADMIN_TOKEN; RPC service-token only; price exchange root>=100; user role special SetRole,B resource: aliases/direct RPC + scope list/total/detail/bulk/export + fields/deny; P0 source drift check
HTTP,admin,HandlePrefix /api/v1/admin/routing-access/,app/admin/internal/server/http.go:457,handleRoutingAccess handleRoutingAvailableForUser,110623b7fdd0ff452da2c8dafbeb8e9108aa2f93953426364481e6f1553f072f,admin,GET identity.routing_access.read; PATCH actual diff grant/revoke/default.update/public_access.update; original AND target user/group facts,compose source field permissions; no authority from proxy,each operation registry + each source owner; intersect before aggregate,identity,HTTP newAdminGuard role>=10 or ADMIN_TOKEN; RPC service-token only; price exchange root>=100; user role special SetRole,B resource: aliases/direct RPC + scope list/total/detail/bulk/export + fields/deny; P0 source drift check
HTTP,admin,HandlePrefix /api/v1/admin/routing-groups/,app/admin/internal/server/http.go:479,handleRoutingGroupByID,7c99214326be54fd09fd1107b875db7905d07a4ab88915cad26dee52b7b86e48,admin,"GET channel.routing_group.read; PATCH state channel.routing_group.enable/channel.routing_group.disable/channel.routing_group.archive; /billing GET billing.routing_policy.read, PATCH billing.routing_policy.publish; /user-price/{user_id} PUT billing.routing_policy.user_override.update, DELETE user_override.delete; /resource-overrides PUT channel.routing_group.resource_override.update",compose source field permissions; no authority from proxy,each operation registry + each source owner; intersect before aggregate,billing/channel,HTTP newAdminGuard role>=10 or ADMIN_TOKEN; RPC service-token only; price exchange root>=100; user role special SetRole,B resource: aliases/direct RPC + scope list/total/detail/bulk/export + fields/deny; P0 source drift check
HTTP,admin,HandlePrefix /api/v1/admin/subscription-groups/,app/admin/internal/server/http.go:486,handleSubscriptionGroupByID,77d5e6f32d2b2a201de0c95613cc12fdf61f6f70b690602fbb0f4549c6e20f9a,admin,GET subscription.quota_policy.read; PUT subscription.quota_policy.update; DELETE subscription.quota_policy.delete,compose source field permissions; no authority from proxy,each operation registry + each source owner; intersect before aggregate,billing,HTTP newAdminGuard role>=10 or ADMIN_TOKEN; RPC service-token only; price exchange root>=100; user role special SetRole,B resource: aliases/direct RPC + scope list/total/detail/bulk/export + fields/deny; P0 source drift check
HTTP,admin,HandlePrefix /api/v1/admin/subscription-plans/,app/admin/internal/server/http.go:492,handleSubscriptionPlanByID,925fee030f7e7e2e45d1b840181e35fa14813fea667a4eb4e2c61a92025b0d27,admin,GET subscription.plan.read; PUT subscription.plan.update; POST /for-sale true subscription.plan.publish; false subscription.plan.unpublish; DELETE subscription.plan.delete,compose source field permissions; no authority from proxy,each operation registry + each source owner; intersect before aggregate,billing,HTTP newAdminGuard role>=10 or ADMIN_TOKEN; RPC service-token only; price exchange root>=100; user role special SetRole,B resource: aliases/direct RPC + scope list/total/detail/bulk/export + fields/deny; P0 source drift check
HTTP,admin,HandlePrefix /api/v1/admin/subscriptions/,app/admin/internal/server/http.go:447,handleSubscriptionByID,219dd50ef2be36bb7c4e9885d66d67a17cbf86f4cafce5f90fbef77ba3a3b916,admin,POST /revoke subscription.user_subscription.revoke; /extend subscription.user_subscription.extend; /reset-quota subscription.user_subscription.quota.reset,compose source field permissions; no authority from proxy,each operation registry + each source owner; intersect before aggregate,billing,HTTP newAdminGuard role>=10 or ADMIN_TOKEN; RPC service-token only; price exchange root>=100; user role special SetRole,B resource: aliases/direct RPC + scope list/total/detail/bulk/export + fields/deny; P0 source drift check
HTTP,admin,HandlePrefix /api/v1/routing-tokens/,app/admin/internal/server/http.go:475,handleRoutingToken http.HandlerFunc,9f4d0a5bd54d4772ee49b82954920d7c1dc7b069b26e6389bec41b0ce45dcaea,self,GET/POST/PUT branch: verified session owner + commerce/routing eligibility; self change has no admin exemption,compose source field permissions; no authority from proxy,each operation registry + each source owner; intersect before aggregate,identity/channel/billing,"verified bearer resolved by service, not client user_id",self purchase/change/tokens ownership + cutover + routing constraints
HTTP,admin,HandlePrefix /assets/,app/admin/internal/server/http.go:217,handlePage http.HandlerFunc,70ecb0f1ef14376c0342b9250f51bc18cef5398d69d062b93e3afbaeb32cca1b,public,no user IAM; health/metrics deployment access; assets GET only; unknown API never SPA fallback,no business fields,n/a,admin,no user guard,health/assets only; unknown API rejection
HTTP,admin,HandlePrefix /v1/channels/,app/admin/internal/server/http.go:533,handleChannelByID,1247a0725a70d0b72813c12ee53623d9b3b2711df5999d81d67b5c953724001d,admin,PUT channel.channel.update + key read: channel.channel.secret.read; key write: channel.channel.secret.rotate; status enable/disable separate; group/model mapping before+after facts; DELETE channel.channel.delete; PUT /status channel.channel.enable/channel.channel.disable; GET currently 405,compose source field permissions; no authority from proxy,each operation registry + each source owner; intersect before aggregate,channel,HTTP newAdminGuard role>=10 or ADMIN_TOKEN; RPC service-token only; price exchange root>=100; user role special SetRole,B resource: aliases/direct RPC + scope list/total/detail/bulk/export + fields/deny; P0 source drift check
HTTP,admin,HandlePrefix /v1/oauth/,app/admin/internal/server/http.go:392,inline,421a1411fd6082e4d40c4e5a03f6fc9bb30f21878a89839933895017a864b486,mixed,OAuth login public verification; bind verified owner/state; user creation default-role atomic; organization disabled; no management privilege,email including empty: identity.user.email_binding.update + user_credentials delegation; password/OAuth: identity.user.credential.update + delegation; status: identity.user.enable/disable; role: identity.user_role.assign/revoke diff; group: identity.routing_access.default.update + actual grant/revoke; contact: identity.user.contact.read; finance: billing.account.read; OAuth aliases oidc/lark/wechat expanded from registration loop,each operation registry + each source owner; intersect before aggregate,identity; finance owned by billing,HTTP newAdminGuard role>=10 or ADMIN_TOKEN; RPC service-token only; price exchange root>=100; user role special SetRole,"B1/A4 self ownership, JTI, OAuth/register/bootstrap atomicity; cross-user orders scope"
HTTP,admin,HandlePrefix /v1/redeem-codes/,app/admin/internal/server/http.go:590,handleRedeemCodeByCode,8b5c5f74bc6bee815e1688cd32ead4cb0c6fdf8c887e9c374027f2db31a2007e,admin,GET billing.redemption.read; PUT billing.redemption.update; DELETE billing.redemption.delete,compose source field permissions; no authority from proxy,each operation registry + each source owner; intersect before aggregate,billing,HTTP newAdminGuard role>=10 or ADMIN_TOKEN; RPC service-token only; price exchange root>=100; user role special SetRole,B resource: aliases/direct RPC + scope list/total/detail/bulk/export + fields/deny; P0 source drift check
HTTP,admin,HandlePrefix /v1/subscription-accounts/,app/admin/internal/server/http.go:539,handleSubscriptionAccountByID,4410a0e13d60b397714bda0ec2e9231f111bd04f5f4b7c999defff4c5c1b4662,admin,GET channel.account.read; PUT channel.account.update + credentials/tokens: channel.account.credential.update; OAuth: channel.account.oauth.bind; quota reset: channel.account.quota.reset; recovery channel.account.recovery.clear; raw credentials only relay/refresh capability; DELETE channel.account.delete; POST /reset-quota channel.account.quota.reset; no /clear-error HTTP handler (RPC separately classified); PUT /status channel.account.enable/channel.account.disable; batch quota/reset and template: each target quota.reset/update,compose source field permissions; no authority from proxy,each operation registry + each source owner; intersect before aggregate,channel,HTTP newAdminGuard role>=10 or ADMIN_TOKEN; RPC service-token only; price exchange root>=100; user role special SetRole,B resource: aliases/direct RPC + scope list/total/detail/bulk/export + fields/deny; P0 source drift check
HTTP,admin,HandlePrefix /v1/users/,app/admin/internal/server/http.go:523,handleUserByID,e2a50d404266096a8b64e7e33f74879dc2f61d540897b348a060137267789e0d,admin,PUT identity.user.update + email including empty: identity.user.email_binding.update + user_credentials delegation; password/OAuth: identity.user.credential.update + delegation; status: identity.user.enable/disable; role: identity.user_role.assign/revoke diff; group: identity.routing_access.default.update + actual grant/revoke; contact: identity.user.contact.read; finance: billing.account.read; DELETE identity.user.delete; POST /reset-quota billing.account.balance.reset; GET currently 405; no /role handler,compose source field permissions; no authority from proxy,each operation registry + each source owner; intersect before aggregate,billing/identity,HTTP newAdminGuard role>=10 or ADMIN_TOKEN; RPC service-token only; price exchange root>=100; user role special SetRole,B resource: aliases/direct RPC + scope list/total/detail/bulk/export + fields/deny; P0 source drift check
HTTP,billing,HandleFunc /api/user/payments/alipay/notify,app/billing/internal/server/http.go:66,svc.HandleAlipayNotify,07f2737c8dc4aa1c8409f88b0ec57bbe12cd8323b4b7eff9aee1d1ee1cbc17f8,system,POST verified provider callback signature/order/amount (system capability),"balance, ledger, costs and payment fields separately authorized; amounts owned by billing",all/self/user_ids/resource_ids; routing-policy group facts; orders no inferred group,billing,RPC shared SERVICE_TOKEN; reconciliation HTTP ServiceAuth; payment callback signature; finance invariant applies,B resource: aliases/direct RPC + scope list/total/detail/bulk/export + fields/deny; P0 source drift check
HTTP,billing,HandleFunc /api/v1/user/payments/alipay/notify,app/billing/internal/server/http.go:63,svc.HandleAlipayNotify,08756fb58b2f743f71f8b8397643c1b476613a5f24dcfbd9184ebd6673fa9703,system,POST verified provider callback signature/order/amount (system capability),"balance, ledger, costs and payment fields separately authorized; amounts owned by billing",all/self/user_ids/resource_ids; routing-policy group facts; orders no inferred group,billing,RPC shared SERVICE_TOKEN; reconciliation HTTP ServiceAuth; payment callback signature; finance invariant applies,B resource: aliases/direct RPC + scope list/total/detail/bulk/export + fields/deny; P0 source drift check
HTTP,billing,HandleFunc /healthz,app/billing/internal/server/http.go:55,inline,b77a96831213b313c69cf42f5a961705df913d08c621b9b9727bf31de3fa6f88,public,no user IAM; health/metrics deployment access; assets GET only; unknown API never SPA fallback,no business fields,n/a,billing,no user guard,health/assets only; unknown API rejection
HTTP,billing,HandleFunc /metrics,app/billing/internal/server/http.go:52,metrics.Handler metrics.Handler().ServeHTTP,f40ed01a4df849012d862b65cdc193ee0b9c41c3492b5d47e8b6289d09a50acc,public,no user IAM; health/metrics deployment access; assets GET only; unknown API never SPA fallback,no business fields,n/a,billing,no user guard,health/assets only; unknown API rejection
HTTP,billing,HandleFunc /v1/reconciliation,app/billing/internal/server/http.go:62,svc.HandleReconciliation,03fcab6e104f077543abf57909e70da616f9f0fb81cec4921027d69ca99d2b83,mixed,POST billing.reconciliation.run; GET returns 405,"balance, ledger, costs and payment fields separately authorized; amounts owned by billing",all/self/user_ids/resource_ids; routing-policy group facts; orders no inferred group,billing,RPC shared SERVICE_TOKEN; reconciliation HTTP ServiceAuth; payment callback signature; finance invariant applies,B resource: aliases/direct RPC + scope list/total/detail/bulk/export + fields/deny; P0 source drift check
HTTP,channel,HandleFunc /api/v1/admin/accounts/subscription/oauth/claude/auth-url,app/channel/internal/server/http.go:44,oauthAuthURLHandler oauthSvc,36af7d80e9d4dbb76c216ab74384651881d39976f2a68566e42eccda92d6ab72,admin,POST channel.account.oauth.bind AND target scope,credentials/tokens: channel.account.credential.update; OAuth: channel.account.oauth.bind; quota reset: channel.account.quota.reset; recovery channel.account.recovery.clear; raw credentials only relay/refresh capability,all/resource_ids/routing_group_ids per registry (models/aliases no implicit group facts),channel,RPC shared SERVICE_TOKEN; direct OAuth/selector HTTP lacks same user guard (B0/B2 gap),B resource: aliases/direct RPC + scope list/total/detail/bulk/export + fields/deny; P0 source drift check
HTTP,channel,HandleFunc /api/v1/admin/accounts/subscription/oauth/claude/exchange,app/channel/internal/server/http.go:45,oauthExchangeHandler oauthSvc,8f72a7905881ded0941fee6daffb60842d893fa5200f38b8e0ffd5980ee59787,admin,POST channel.account.oauth.bind AND target scope,credentials/tokens: channel.account.credential.update; OAuth: channel.account.oauth.bind; quota reset: channel.account.quota.reset; recovery channel.account.recovery.clear; raw credentials only relay/refresh capability,all/resource_ids/routing_group_ids per registry (models/aliases no implicit group facts),channel,RPC shared SERVICE_TOKEN; direct OAuth/selector HTTP lacks same user guard (B0/B2 gap),B resource: aliases/direct RPC + scope list/total/detail/bulk/export + fields/deny; P0 source drift check
HTTP,channel,HandleFunc /api/v1/admin/accounts/subscription/oauth/codex/auth-url,app/channel/internal/server/http.go:46,oauthAuthURLHandler oauthSvc,1740b5bcea35300a68fe906a5de3a773ea337940e915a527b8498be301d1e822,admin,POST channel.account.oauth.bind AND target scope,credentials/tokens: channel.account.credential.update; OAuth: channel.account.oauth.bind; quota reset: channel.account.quota.reset; recovery channel.account.recovery.clear; raw credentials only relay/refresh capability,all/resource_ids/routing_group_ids per registry (models/aliases no implicit group facts),channel,RPC shared SERVICE_TOKEN; direct OAuth/selector HTTP lacks same user guard (B0/B2 gap),B resource: aliases/direct RPC + scope list/total/detail/bulk/export + fields/deny; P0 source drift check
HTTP,channel,HandleFunc /api/v1/admin/accounts/subscription/oauth/codex/exchange,app/channel/internal/server/http.go:47,oauthExchangeHandler oauthSvc,dd07c13ddd53c2470599de576113d65fae2d7704db9231b1df6fcc3d999218bf,admin,POST channel.account.oauth.bind AND target scope,credentials/tokens: channel.account.credential.update; OAuth: channel.account.oauth.bind; quota reset: channel.account.quota.reset; recovery channel.account.recovery.clear; raw credentials only relay/refresh capability,all/resource_ids/routing_group_ids per registry (models/aliases no implicit group facts),channel,RPC shared SERVICE_TOKEN; direct OAuth/selector HTTP lacks same user guard (B0/B2 gap),B resource: aliases/direct RPC + scope list/total/detail/bulk/export + fields/deny; P0 source drift check
HTTP,channel,HandleFunc /api/v1/admin/channels/selector/stats,app/channel/internal/server/http.go:158,inline,2545c106cd4af325a6337c77aa377d276b3084d1aea4ff8d8979c0f12a49b983,admin,GET monitor.health.selector.read,key read: channel.channel.secret.read; key write: channel.channel.secret.rotate; status enable/disable separate; group/model mapping before+after facts; credentials/tokens: channel.account.credential.update; OAuth: channel.account.oauth.bind; quota reset: channel.account.quota.reset; recovery channel.account.recovery.clear; raw credentials only relay/refresh capability,all/resource_ids/routing_group_ids per registry (models/aliases no implicit group facts),channel,RPC shared SERVICE_TOKEN; direct OAuth/selector HTTP lacks same user guard (B0/B2 gap),B resource: aliases/direct RPC + scope list/total/detail/bulk/export + fields/deny; P0 source drift check
HTTP,channel,HandleFunc /healthz,app/channel/internal/server/http.go:33,inline,b77a96831213b313c69cf42f5a961705df913d08c621b9b9727bf31de3fa6f88,public,no user IAM; health/metrics deployment access; assets GET only; unknown API never SPA fallback,no business fields,n/a,channel,no user guard,health/assets only; unknown API rejection
HTTP,channel,HandleFunc /metrics,app/channel/internal/server/http.go:30,metrics.Handler metrics.Handler().ServeHTTP,f40ed01a4df849012d862b65cdc193ee0b9c41c3492b5d47e8b6289d09a50acc,public,no user IAM; health/metrics deployment access; assets GET only; unknown API never SPA fallback,no business fields,n/a,channel,no user guard,health/assets only; unknown API rejection
HTTP,config,HandleFunc /api/about,app/config/internal/server/http.go:34,svc.HandleOneAPIContent,75d97ea787d20360938604df165b8e38c91b34ac6d3e66a475e8e8d4db9729d6,public,GET public-safe content only,security: system.option.security.update; payment: system.option.payment.update; pricing: system.option.pricing.update; notice/about/home: system.content.notice.update/system.content.about.update/system.content.home.update; unknown key class rejects,all,config,GET-only direct content projection,B resource: aliases/direct RPC + scope list/total/detail/bulk/export + fields/deny; P0 source drift check
HTTP,config,HandleFunc /api/home_page_content,app/config/internal/server/http.go:35,svc.HandleOneAPIContent,63dfcd09c5b31a29fa92ba05595c0a6d9acddb6cd0bf30ddc8972bcd4837f605,public,GET public-safe content only,security: system.option.security.update; payment: system.option.payment.update; pricing: system.option.pricing.update; notice/about/home: system.content.notice.update/system.content.about.update/system.content.home.update; unknown key class rejects,all,config,GET-only direct content projection,B resource: aliases/direct RPC + scope list/total/detail/bulk/export + fields/deny; P0 source drift check
HTTP,config,HandleFunc /api/notice,app/config/internal/server/http.go:33,svc.HandleOneAPIContent,5496d3fda902a952c5884dd32bfea84500c0389dfca676c2505eb0e7fe959eaa,public,GET public-safe content only,security: system.option.security.update; payment: system.option.payment.update; pricing: system.option.pricing.update; notice/about/home: system.content.notice.update/system.content.about.update/system.content.home.update; unknown key class rejects,all,config,GET-only direct content projection,B resource: aliases/direct RPC + scope list/total/detail/bulk/export + fields/deny; P0 source drift check
HTTP,config,HandleFunc /healthz,app/config/internal/server/http.go:39,inline,b77a96831213b313c69cf42f5a961705df913d08c621b9b9727bf31de3fa6f88,public,no user IAM; health/metrics deployment access; assets GET only; unknown API never SPA fallback,no business fields,n/a,config,no user guard,health/assets only; unknown API rejection
HTTP,config,HandleFunc /metrics,app/config/internal/server/http.go:36,metrics.Handler metrics.Handler().ServeHTTP,f40ed01a4df849012d862b65cdc193ee0b9c41c3492b5d47e8b6289d09a50acc,public,no user IAM; health/metrics deployment access; assets GET only; unknown API never SPA fallback,no business fields,n/a,config,no user guard,health/assets only; unknown API rejection
HTTP,config,HandlePrefix /v1/configs/,app/config/internal/server/http.go:16,http.HandlerFunc svc.HandleDeleteConfig svc.HandleGetConfig svc.HandleListConfigs svc.HandleSetConfig,ca829aa6e84ac9694e889f48f99739227493deb293ef9052566d082cbe7408da,admin,GET system.option.read; PUT/DELETE key-classified system.option.update + security: system.option.security.update; payment: system.option.payment.update; pricing: system.option.pricing.update; notice/about/home: system.content.notice.update/system.content.about.update/system.content.home.update; unknown key class rejects,security: system.option.security.update; payment: system.option.payment.update; pricing: system.option.pricing.update; notice/about/home: system.content.notice.update/system.content.about.update/system.content.home.update; unknown key class rejects,all (key classes fixed),config,RPC shared SERVICE_TOKEN; direct configs HTTP lacks user guard; public content GET only,B resource: aliases/direct RPC + scope list/total/detail/bulk/export + fields/deny; P0 source drift check
HTTP,identity,"HandleFunc ""/api/oauth/"" + name",app/identity/internal/server/http.go:134,handleOneAPIOAuthAlias oauthRegistry,8af30c5dee7f839b172da7c626fa729ad887dfc032ad374617af01cf07a93dc6,mixed,OAuth login public verification; bind verified owner/state; user creation default-role atomic; organization disabled; no management privilege,email including empty: identity.user.email_binding.update + user_credentials delegation; password/OAuth: identity.user.credential.update + delegation; status: identity.user.enable/disable; role: identity.user_role.assign/revoke diff; group: identity.routing_access.default.update + actual grant/revoke; contact: identity.user.contact.read; finance: billing.account.read; OAuth aliases oidc/lark/wechat expanded from registration loop,all/self/user_ids/resource_ids/routing_group_ids per operation,identity; finance owned by billing,"RPC shared SERVICE_TOKEN; SetUserRole also operator credential/root checks; HTTP verified session for self, public verification for auth","B1/A4 self ownership, JTI, OAuth/register/bootstrap atomicity; cross-user orders scope"
HTTP,identity,HandleFunc /api/oauth/email/bind,app/identity/internal/server/http.go:190,handleEmailBind,bdaf38b09913b04a06ed155d64083ca706f0d0f1d66555ffd66a13205fa618eb,mixed,OAuth login public verification; bind verified owner/state; user creation default-role atomic; organization disabled; no management privilege,email including empty: identity.user.email_binding.update + user_credentials delegation; password/OAuth: identity.user.credential.update + delegation; status: identity.user.enable/disable; role: identity.user_role.assign/revoke diff; group: identity.routing_access.default.update + actual grant/revoke; contact: identity.user.contact.read; finance: billing.account.read; OAuth aliases oidc/lark/wechat expanded from registration loop,all/self/user_ids/resource_ids/routing_group_ids per operation,identity; finance owned by billing,"RPC shared SERVICE_TOKEN; SetUserRole also operator credential/root checks; HTTP verified session for self, public verification for auth","B1/A4 self ownership, JTI, OAuth/register/bootstrap atomicity; cross-user orders scope"
HTTP,identity,HandleFunc /api/oauth/github,app/identity/internal/server/http.go:113,handleLegacyOAuth oauthRegistry,a1728e4a1ce2e961973985fd8070caf53d361dad9e739eeaf7fc56ba9487aa10,mixed,OAuth login public verification; bind verified owner/state; user creation default-role atomic; organization disabled; no management privilege,email including empty: identity.user.email_binding.update + user_credentials delegation; password/OAuth: identity.user.credential.update + delegation; status: identity.user.enable/disable; role: identity.user_role.assign/revoke diff; group: identity.routing_access.default.update + actual grant/revoke; contact: identity.user.contact.read; finance: billing.account.read; OAuth aliases oidc/lark/wechat expanded from registration loop,all/self/user_ids/resource_ids/routing_group_ids per operation,identity; finance owned by billing,"RPC shared SERVICE_TOKEN; SetUserRole also operator credential/root checks; HTTP verified session for self, public verification for auth","B1/A4 self ownership, JTI, OAuth/register/bootstrap atomicity; cross-user orders scope"
HTTP,identity,HandleFunc /api/oauth/github/bind,app/identity/internal/server/http.go:116,handleOneAPIOAuthBind oauthRegistry,5eadce2f6b456a9a92cc60530008b4a81415baf317080eae5414bfd24b08f3ae,mixed,OAuth login public verification; bind verified owner/state; user creation default-role atomic; organization disabled; no management privilege,email including empty: identity.user.email_binding.update + user_credentials delegation; password/OAuth: identity.user.credential.update + delegation; status: identity.user.enable/disable; role: identity.user_role.assign/revoke diff; group: identity.routing_access.default.update + actual grant/revoke; contact: identity.user.contact.read; finance: billing.account.read; OAuth aliases oidc/lark/wechat expanded from registration loop,all/self/user_ids/resource_ids/routing_group_ids per operation,identity; finance owned by billing,"RPC shared SERVICE_TOKEN; SetUserRole also operator credential/root checks; HTTP verified session for self, public verification for auth","B1/A4 self ownership, JTI, OAuth/register/bootstrap atomicity; cross-user orders scope"
HTTP,identity,HandleFunc /api/oauth/google,app/identity/internal/server/http.go:119,handleLegacyOAuth oauthRegistry,b2334d88164557e03abff9554d1269233c43e2791807a458eb9b128e078d9ae2,mixed,OAuth login public verification; bind verified owner/state; user creation default-role atomic; organization disabled; no management privilege,email including empty: identity.user.email_binding.update + user_credentials delegation; password/OAuth: identity.user.credential.update + delegation; status: identity.user.enable/disable; role: identity.user_role.assign/revoke diff; group: identity.routing_access.default.update + actual grant/revoke; contact: identity.user.contact.read; finance: billing.account.read; OAuth aliases oidc/lark/wechat expanded from registration loop,all/self/user_ids/resource_ids/routing_group_ids per operation,identity; finance owned by billing,"RPC shared SERVICE_TOKEN; SetUserRole also operator credential/root checks; HTTP verified session for self, public verification for auth","B1/A4 self ownership, JTI, OAuth/register/bootstrap atomicity; cross-user orders scope"
HTTP,identity,HandleFunc /api/oauth/lark/bind,app/identity/internal/server/http.go:144,handleOneAPIOAuthBind oauthRegistry,ac253a6e027679640f9a17266577a31dbf768f9861800c5d1ca045c11d8058b9,mixed,OAuth login public verification; bind verified owner/state; user creation default-role atomic; organization disabled; no management privilege,email including empty: identity.user.email_binding.update + user_credentials delegation; password/OAuth: identity.user.credential.update + delegation; status: identity.user.enable/disable; role: identity.user_role.assign/revoke diff; group: identity.routing_access.default.update + actual grant/revoke; contact: identity.user.contact.read; finance: billing.account.read; OAuth aliases oidc/lark/wechat expanded from registration loop,all/self/user_ids/resource_ids/routing_group_ids per operation,identity; finance owned by billing,"RPC shared SERVICE_TOKEN; SetUserRole also operator credential/root checks; HTTP verified session for self, public verification for auth","B1/A4 self ownership, JTI, OAuth/register/bootstrap atomicity; cross-user orders scope"
HTTP,identity,HandleFunc /api/oauth/oidc/bind,app/identity/internal/server/http.go:138,handleOneAPIOAuthBind oauthRegistry,1d72314cc43861e9abfe23742be8826cbbe63418aa7f5c8ef6e93b36d377d4bc,mixed,OAuth login public verification; bind verified owner/state; user creation default-role atomic; organization disabled; no management privilege,email including empty: identity.user.email_binding.update + user_credentials delegation; password/OAuth: identity.user.credential.update + delegation; status: identity.user.enable/disable; role: identity.user_role.assign/revoke diff; group: identity.routing_access.default.update + actual grant/revoke; contact: identity.user.contact.read; finance: billing.account.read; OAuth aliases oidc/lark/wechat expanded from registration loop,all/self/user_ids/resource_ids/routing_group_ids per operation,identity; finance owned by billing,"RPC shared SERVICE_TOKEN; SetUserRole also operator credential/root checks; HTTP verified session for self, public verification for auth","B1/A4 self ownership, JTI, OAuth/register/bootstrap atomicity; cross-user orders scope"
HTTP,identity,HandleFunc /api/oauth/state,app/identity/internal/server/http.go:131,handleOAuthState,b61e8411834c779811c35b60ba252af967b9a36d093d2b545d0071f7a0424951,mixed,OAuth login public verification; bind verified owner/state; user creation default-role atomic; organization disabled; no management privilege,email including empty: identity.user.email_binding.update + user_credentials delegation; password/OAuth: identity.user.credential.update + delegation; status: identity.user.enable/disable; role: identity.user_role.assign/revoke diff; group: identity.routing_access.default.update + actual grant/revoke; contact: identity.user.contact.read; finance: billing.account.read; OAuth aliases oidc/lark/wechat expanded from registration loop,all/self/user_ids/resource_ids/routing_group_ids per operation,identity; finance owned by billing,"RPC shared SERVICE_TOKEN; SetUserRole also operator credential/root checks; HTTP verified session for self, public verification for auth","B1/A4 self ownership, JTI, OAuth/register/bootstrap atomicity; cross-user orders scope"
HTTP,identity,HandleFunc /api/oauth/telegram/bind,app/identity/internal/server/http.go:150,handleOneAPIOAuthAlias oauthRegistry,bc5189b14a234e8fb0cf1c0b81be3b5a272a8b9be0b91c04e09d9e9190735b6b,mixed,OAuth login public verification; bind verified owner/state; user creation default-role atomic; organization disabled; no management privilege,email including empty: identity.user.email_binding.update + user_credentials delegation; password/OAuth: identity.user.credential.update + delegation; status: identity.user.enable/disable; role: identity.user_role.assign/revoke diff; group: identity.routing_access.default.update + actual grant/revoke; contact: identity.user.contact.read; finance: billing.account.read; OAuth aliases oidc/lark/wechat expanded from registration loop,all/self/user_ids/resource_ids/routing_group_ids per operation,identity; finance owned by billing,"RPC shared SERVICE_TOKEN; SetUserRole also operator credential/root checks; HTTP verified session for self, public verification for auth","B1/A4 self ownership, JTI, OAuth/register/bootstrap atomicity; cross-user orders scope"
HTTP,identity,HandleFunc /api/oauth/telegram/login,app/identity/internal/server/http.go:147,handleOneAPIOAuthAlias oauthRegistry,ed2ebcc8cf13ed0d44964e0723ea0ea7293aaa66ed5f69727bd44ce90c43b83f,mixed,OAuth login public verification; bind verified owner/state; user creation default-role atomic; organization disabled; no management privilege,email including empty: identity.user.email_binding.update + user_credentials delegation; password/OAuth: identity.user.credential.update + delegation; status: identity.user.enable/disable; role: identity.user_role.assign/revoke diff; group: identity.routing_access.default.update + actual grant/revoke; contact: identity.user.contact.read; finance: billing.account.read; OAuth aliases oidc/lark/wechat expanded from registration loop,all/self/user_ids/resource_ids/routing_group_ids per operation,identity; finance owned by billing,"RPC shared SERVICE_TOKEN; SetUserRole also operator credential/root checks; HTTP verified session for self, public verification for auth","B1/A4 self ownership, JTI, OAuth/register/bootstrap atomicity; cross-user orders scope"
HTTP,identity,HandleFunc /api/oauth/wechat/bind,app/identity/internal/server/http.go:141,handleOneAPIOAuthBind oauthRegistry,9bfadfa6210eb7aa51822dcbf8812f77c818d0345b20c92827279cdc8471660d,mixed,OAuth login public verification; bind verified owner/state; user creation default-role atomic; organization disabled; no management privilege,email including empty: identity.user.email_binding.update + user_credentials delegation; password/OAuth: identity.user.credential.update + delegation; status: identity.user.enable/disable; role: identity.user_role.assign/revoke diff; group: identity.routing_access.default.update + actual grant/revoke; contact: identity.user.contact.read; finance: billing.account.read; OAuth aliases oidc/lark/wechat expanded from registration loop,all/self/user_ids/resource_ids/routing_group_ids per operation,identity; finance owned by billing,"RPC shared SERVICE_TOKEN; SetUserRole also operator credential/root checks; HTTP verified session for self, public verification for auth","B1/A4 self ownership, JTI, OAuth/register/bootstrap atomicity; cross-user orders scope"
HTTP,identity,HandleFunc /api/reset_password,app/identity/internal/server/http.go:232,handleResetPasswordRequest,2a977ce03f0d602d5aba3966465cd605ad79a121cac3877d42d70eb8715d4b33,public,authenticated owner only; independent self/auth rules; never implicit management operation,email including empty: identity.user.email_binding.update + user_credentials delegation; password/OAuth: identity.user.credential.update + delegation; status: identity.user.enable/disable; role: identity.user_role.assign/revoke diff; group: identity.routing_access.default.update + actual grant/revoke; contact: identity.user.contact.read; finance: billing.account.read; OAuth aliases oidc/lark/wechat expanded from registration loop,all/self/user_ids/resource_ids/routing_group_ids per operation,identity; finance owned by billing,"RPC shared SERVICE_TOKEN; SetUserRole also operator credential/root checks; HTTP verified session for self, public verification for auth","B1/A4 self ownership, JTI, OAuth/register/bootstrap atomicity; cross-user orders scope"
HTTP,identity,HandleFunc /api/token,app/identity/internal/server/http.go:244,handleTokens,a2d05f2f0f440a89f36ee09944ccbc7dacfe7ba5995020c0294f62c676965042,self,authenticated owner only; independent self/auth rules; never implicit management operation,email including empty: identity.user.email_binding.update + user_credentials delegation; password/OAuth: identity.user.credential.update + delegation; status: identity.user.enable/disable; role: identity.user_role.assign/revoke diff; group: identity.routing_access.default.update + actual grant/revoke; contact: identity.user.contact.read; finance: billing.account.read; OAuth aliases oidc/lark/wechat expanded from registration loop,all/self/user_ids/resource_ids/routing_group_ids per operation,identity; finance owned by billing,"RPC shared SERVICE_TOKEN; SetUserRole also operator credential/root checks; HTTP verified session for self, public verification for auth","B1/A4 self ownership, JTI, OAuth/register/bootstrap atomicity; cross-user orders scope"
HTTP,identity,HandleFunc /api/user/aff,app/identity/internal/server/http.go:181,handleAffCode,afc8b52fdeab34077456d4a55f74f8e3069a94b03a9081912892ef122cf90ada,self,authenticated owner only; independent self/auth rules; never implicit management operation,email including empty: identity.user.email_binding.update + user_credentials delegation; password/OAuth: identity.user.credential.update + delegation; status: identity.user.enable/disable; role: identity.user_role.assign/revoke diff; group: identity.routing_access.default.update + actual grant/revoke; contact: identity.user.contact.read; finance: billing.account.read; OAuth aliases oidc/lark/wechat expanded from registration loop,all/self/user_ids/resource_ids/routing_group_ids per operation,identity; finance owned by billing,"RPC shared SERVICE_TOKEN; SetUserRole also operator credential/root checks; HTTP verified session for self, public verification for auth","B1/A4 self ownership, JTI, OAuth/register/bootstrap atomicity; cross-user orders scope"
HTTP,identity,HandleFunc /api/user/aff_transfer,app/identity/internal/server/http.go:187,handleAffTransferDisabled,acfa15f51415a6c25ebbc7007e13e2f598f9b7756db0c10a399b689a821320ff,self,authenticated owner only; independent self/auth rules; never implicit management operation,email including empty: identity.user.email_binding.update + user_credentials delegation; password/OAuth: identity.user.credential.update + delegation; status: identity.user.enable/disable; role: identity.user_role.assign/revoke diff; group: identity.routing_access.default.update + actual grant/revoke; contact: identity.user.contact.read; finance: billing.account.read; OAuth aliases oidc/lark/wechat expanded from registration loop,all/self/user_ids/resource_ids/routing_group_ids per operation,identity; finance owned by billing,"RPC shared SERVICE_TOKEN; SetUserRole also operator credential/root checks; HTTP verified session for self, public verification for auth","B1/A4 self ownership, JTI, OAuth/register/bootstrap atomicity; cross-user orders scope"
HTTP,identity,HandleFunc /api/user/amount,app/identity/internal/server/http.go:223,handleCreatePaymentOrder,355b8849592a59ca64a824f311c623262e9e2a2449c7b81b408d794e0fa2e5de,mixed,GET verified owner; cross-user requires billing.payment.read/list by branch + target user scope,email including empty: identity.user.email_binding.update + user_credentials delegation; password/OAuth: identity.user.credential.update + delegation; status: identity.user.enable/disable; role: identity.user_role.assign/revoke diff; group: identity.routing_access.default.update + actual grant/revoke; contact: identity.user.contact.read; finance: billing.account.read; OAuth aliases oidc/lark/wechat expanded from registration loop,all/self/user_ids/resource_ids/routing_group_ids per operation,identity; finance owned by billing,"RPC shared SERVICE_TOKEN; SetUserRole also operator credential/root checks; HTTP verified session for self, public verification for auth","B1/A4 self ownership, JTI, OAuth/register/bootstrap atomicity; cross-user orders scope"
HTTP,identity,HandleFunc /api/user/available_models,app/identity/internal/server/http.go:175,handleAvailableModels,ddbb23b0b800104dffc9ad6135515183be04cf077306676b5f1f0978dfba4834,self,authenticated owner only; independent self/auth rules; never implicit management operation,email including empty: identity.user.email_binding.update + user_credentials delegation; password/OAuth: identity.user.credential.update + delegation; status: identity.user.enable/disable; role: identity.user_role.assign/revoke diff; group: identity.routing_access.default.update + actual grant/revoke; contact: identity.user.contact.read; finance: billing.account.read; OAuth aliases oidc/lark/wechat expanded from registration loop,all/self/user_ids/resource_ids/routing_group_ids per operation,identity; finance owned by billing,"RPC shared SERVICE_TOKEN; SetUserRole also operator credential/root checks; HTTP verified session for self, public verification for auth","B1/A4 self ownership, JTI, OAuth/register/bootstrap atomicity; cross-user orders scope"
HTTP,identity,HandleFunc /api/user/dashboard,app/identity/internal/server/http.go:193,handleUserDashboard,07c362512bfea16952a2946ba496deac5898ef5b60139c00a5da91a32fda209a,self,authenticated owner only; independent self/auth rules; never implicit management operation,email including empty: identity.user.email_binding.update + user_credentials delegation; password/OAuth: identity.user.credential.update + delegation; status: identity.user.enable/disable; role: identity.user_role.assign/revoke diff; group: identity.routing_access.default.update + actual grant/revoke; contact: identity.user.contact.read; finance: billing.account.read; OAuth aliases oidc/lark/wechat expanded from registration loop,all/self/user_ids/resource_ids/routing_group_ids per operation,identity; finance owned by billing,"RPC shared SERVICE_TOKEN; SetUserRole also operator credential/root checks; HTTP verified session for self, public verification for auth","B1/A4 self ownership, JTI, OAuth/register/bootstrap atomicity; cross-user orders scope"
HTTP,identity,HandleFunc /api/user/invitation,app/identity/internal/server/http.go:184,handleAffCode,227ec9930eaff96b9e53ad7efde393f574282c0381db2a7008daa0538239d307,self,authenticated owner only; independent self/auth rules; never implicit management operation,email including empty: identity.user.email_binding.update + user_credentials delegation; password/OAuth: identity.user.credential.update + delegation; status: identity.user.enable/disable; role: identity.user_role.assign/revoke diff; group: identity.routing_access.default.update + actual grant/revoke; contact: identity.user.contact.read; finance: billing.account.read; OAuth aliases oidc/lark/wechat expanded from registration loop,all/self/user_ids/resource_ids/routing_group_ids per operation,identity; finance owned by billing,"RPC shared SERVICE_TOKEN; SetUserRole also operator credential/root checks; HTTP verified session for self, public verification for auth","B1/A4 self ownership, JTI, OAuth/register/bootstrap atomicity; cross-user orders scope"
HTTP,identity,HandleFunc /api/user/login,app/identity/internal/server/http.go:166,handleLogin,93fba9dcc0132dd47da76a7819fd20c33a5e6a069b27b3aae6396ccc5c96801c,public,authenticated owner only; independent self/auth rules; never implicit management operation,email including empty: identity.user.email_binding.update + user_credentials delegation; password/OAuth: identity.user.credential.update + delegation; status: identity.user.enable/disable; role: identity.user_role.assign/revoke diff; group: identity.routing_access.default.update + actual grant/revoke; contact: identity.user.contact.read; finance: billing.account.read; OAuth aliases oidc/lark/wechat expanded from registration loop,all/self/user_ids/resource_ids/routing_group_ids per operation,identity; finance owned by billing,"RPC shared SERVICE_TOKEN; SetUserRole also operator credential/root checks; HTTP verified session for self, public verification for auth","B1/A4 self ownership, JTI, OAuth/register/bootstrap atomicity; cross-user orders scope"
HTTP,identity,HandleFunc /api/user/logout,app/identity/internal/server/http.go:169,handleLogout,d471fe104f230b5c26e3f4efaa972b5f811c11ea729e58090d7e439382471f62,self,authenticated owner only; independent self/auth rules; never implicit management operation,email including empty: identity.user.email_binding.update + user_credentials delegation; password/OAuth: identity.user.credential.update + delegation; status: identity.user.enable/disable; role: identity.user_role.assign/revoke diff; group: identity.routing_access.default.update + actual grant/revoke; contact: identity.user.contact.read; finance: billing.account.read; OAuth aliases oidc/lark/wechat expanded from registration loop,all/self/user_ids/resource_ids/routing_group_ids per operation,identity; finance owned by billing,"RPC shared SERVICE_TOKEN; SetUserRole also operator credential/root checks; HTTP verified session for self, public verification for auth","B1/A4 self ownership, JTI, OAuth/register/bootstrap atomicity; cross-user orders scope"
HTTP,identity,HandleFunc /api/user/logs,app/identity/internal/server/http.go:199,handleUserLogs,43070a23fe443d935969711cba1d7f6db2dd18f1b2647835f52aba412c055ce8,self,authenticated owner only; independent self/auth rules; never implicit management operation,email including empty: identity.user.email_binding.update + user_credentials delegation; password/OAuth: identity.user.credential.update + delegation; status: identity.user.enable/disable; role: identity.user_role.assign/revoke diff; group: identity.routing_access.default.update + actual grant/revoke; contact: identity.user.contact.read; finance: billing.account.read; OAuth aliases oidc/lark/wechat expanded from registration loop,all/self/user_ids/resource_ids/routing_group_ids per operation,identity; finance owned by billing,"RPC shared SERVICE_TOKEN; SetUserRole also operator credential/root checks; HTTP verified session for self, public verification for auth","B1/A4 self ownership, JTI, OAuth/register/bootstrap atomicity; cross-user orders scope"
HTTP,identity,HandleFunc /api/user/models,app/identity/internal/server/http.go:178,handleAvailableModels,a70c8b839395d77cc07b88e517a80cd87661c740381c546262dad899faee257d,self,authenticated owner only; independent self/auth rules; never implicit management operation,email including empty: identity.user.email_binding.update + user_credentials delegation; password/OAuth: identity.user.credential.update + delegation; status: identity.user.enable/disable; role: identity.user_role.assign/revoke diff; group: identity.routing_access.default.update + actual grant/revoke; contact: identity.user.contact.read; finance: billing.account.read; OAuth aliases oidc/lark/wechat expanded from registration loop,all/self/user_ids/resource_ids/routing_group_ids per operation,identity; finance owned by billing,"RPC shared SERVICE_TOKEN; SetUserRole also operator credential/root checks; HTTP verified session for self, public verification for auth","B1/A4 self ownership, JTI, OAuth/register/bootstrap atomicity; cross-user orders scope"
HTTP,identity,HandleFunc /api/user/pay,app/identity/internal/server/http.go:226,handleCreatePaymentOrder,be17c46531884a2c3ba67455e592ef12d18a08034d75486ef057da486e9e4051,mixed,GET verified owner; cross-user requires billing.payment.read/list by branch + target user scope,email including empty: identity.user.email_binding.update + user_credentials delegation; password/OAuth: identity.user.credential.update + delegation; status: identity.user.enable/disable; role: identity.user_role.assign/revoke diff; group: identity.routing_access.default.update + actual grant/revoke; contact: identity.user.contact.read; finance: billing.account.read; OAuth aliases oidc/lark/wechat expanded from registration loop,all/self/user_ids/resource_ids/routing_group_ids per operation,identity; finance owned by billing,"RPC shared SERVICE_TOKEN; SetUserRole also operator credential/root checks; HTTP verified session for self, public verification for auth","B1/A4 self ownership, JTI, OAuth/register/bootstrap atomicity; cross-user orders scope"
HTTP,identity,HandleFunc /api/user/payment/orders,app/identity/internal/server/http.go:202,handleUserPaymentOrders,2e3152dc31f5aea743c573eccaa1023ed16f027c9dcc2bb74b8764deb742f951,mixed,GET verified owner; cross-user requires billing.payment.read/list by branch + target user scope,email including empty: identity.user.email_binding.update + user_credentials delegation; password/OAuth: identity.user.credential.update + delegation; status: identity.user.enable/disable; role: identity.user_role.assign/revoke diff; group: identity.routing_access.default.update + actual grant/revoke; contact: identity.user.contact.read; finance: billing.account.read; OAuth aliases oidc/lark/wechat expanded from registration loop,all/self/user_ids/resource_ids/routing_group_ids per operation,identity; finance owned by billing,"RPC shared SERVICE_TOKEN; SetUserRole also operator credential/root checks; HTTP verified session for self, public verification for auth","B1/A4 self ownership, JTI, OAuth/register/bootstrap atomicity; cross-user orders scope"
HTTP,identity,HandleFunc /api/user/quota,app/identity/internal/server/http.go:196,handleUserDashboard,6969745cf700e499d62a0ab75010f029cfb7c8e9894334f355b2454ae96d5d6b,self,authenticated owner only; independent self/auth rules; never implicit management operation,email including empty: identity.user.email_binding.update + user_credentials delegation; password/OAuth: identity.user.credential.update + delegation; status: identity.user.enable/disable; role: identity.user_role.assign/revoke diff; group: identity.routing_access.default.update + actual grant/revoke; contact: identity.user.contact.read; finance: billing.account.read; OAuth aliases oidc/lark/wechat expanded from registration loop,all/self/user_ids/resource_ids/routing_group_ids per operation,identity; finance owned by billing,"RPC shared SERVICE_TOKEN; SetUserRole also operator credential/root checks; HTTP verified session for self, public verification for auth","B1/A4 self ownership, JTI, OAuth/register/bootstrap atomicity; cross-user orders scope"
HTTP,identity,HandleFunc /api/user/register,app/identity/internal/server/http.go:163,handleRegister,885b7cff27d255b56768212480967c855ec154e9db2ff0c647a20439d6dab83c,public,authenticated owner only; independent self/auth rules; never implicit management operation,email including empty: identity.user.email_binding.update + user_credentials delegation; password/OAuth: identity.user.credential.update + delegation; status: identity.user.enable/disable; role: identity.user_role.assign/revoke diff; group: identity.routing_access.default.update + actual grant/revoke; contact: identity.user.contact.read; finance: billing.account.read; OAuth aliases oidc/lark/wechat expanded from registration loop,all/self/user_ids/resource_ids/routing_group_ids per operation,identity; finance owned by billing,"RPC shared SERVICE_TOKEN; SetUserRole also operator credential/root checks; HTTP verified session for self, public verification for auth","B1/A4 self ownership, JTI, OAuth/register/bootstrap atomicity; cross-user orders scope"
HTTP,identity,HandleFunc /api/user/reset,app/identity/internal/server/http.go:235,handleResetPassword,414ca9df18c469135b723a478d4e38dfc78e50d090d117118acdf13df881c09b,public,authenticated owner only; independent self/auth rules; never implicit management operation,email including empty: identity.user.email_binding.update + user_credentials delegation; password/OAuth: identity.user.credential.update + delegation; status: identity.user.enable/disable; role: identity.user_role.assign/revoke diff; group: identity.routing_access.default.update + actual grant/revoke; contact: identity.user.contact.read; finance: billing.account.read; OAuth aliases oidc/lark/wechat expanded from registration loop,all/self/user_ids/resource_ids/routing_group_ids per operation,identity; finance owned by billing,"RPC shared SERVICE_TOKEN; SetUserRole also operator credential/root checks; HTTP verified session for self, public verification for auth","B1/A4 self ownership, JTI, OAuth/register/bootstrap atomicity; cross-user orders scope"
HTTP,identity,HandleFunc /api/user/self,app/identity/internal/server/http.go:172,handleSelf,3273b4a01d74856eb134eae80e8d00fcd6170c0b06bf161180b1d60c8aa1ec8c,self,authenticated owner only; independent self/auth rules; never implicit management operation,email including empty: identity.user.email_binding.update + user_credentials delegation; password/OAuth: identity.user.credential.update + delegation; status: identity.user.enable/disable; role: identity.user_role.assign/revoke diff; group: identity.routing_access.default.update + actual grant/revoke; contact: identity.user.contact.read; finance: billing.account.read; OAuth aliases oidc/lark/wechat expanded from registration loop,all/self/user_ids/resource_ids/routing_group_ids per operation,identity; finance owned by billing,"RPC shared SERVICE_TOKEN; SetUserRole also operator credential/root checks; HTTP verified session for self, public verification for auth","B1/A4 self ownership, JTI, OAuth/register/bootstrap atomicity; cross-user orders scope"
HTTP,identity,HandleFunc /api/user/token,app/identity/internal/server/http.go:238,handleCreateUserToken,a03ce3c9bee9350d0c78190561fd6e35c89d9c774e25680173fcef82e329eb67,self,authenticated owner only; independent self/auth rules; never implicit management operation,email including empty: identity.user.email_binding.update + user_credentials delegation; password/OAuth: identity.user.credential.update + delegation; status: identity.user.enable/disable; role: identity.user_role.assign/revoke diff; group: identity.routing_access.default.update + actual grant/revoke; contact: identity.user.contact.read; finance: billing.account.read; OAuth aliases oidc/lark/wechat expanded from registration loop,all/self/user_ids/resource_ids/routing_group_ids per operation,identity; finance owned by billing,"RPC shared SERVICE_TOKEN; SetUserRole also operator credential/root checks; HTTP verified session for self, public verification for auth","B1/A4 self ownership, JTI, OAuth/register/bootstrap atomicity; cross-user orders scope"
HTTP,identity,HandleFunc /api/user/topup,app/identity/internal/server/http.go:220,handleUserTopUp,20283742b9d905cc4c48cd7c709896fc63a0647c9a9fe1c8fa0130e5f5772128,self,authenticated owner only; independent self/auth rules; never implicit management operation,email including empty: identity.user.email_binding.update + user_credentials delegation; password/OAuth: identity.user.credential.update + delegation; status: identity.user.enable/disable; role: identity.user_role.assign/revoke diff; group: identity.routing_access.default.update + actual grant/revoke; contact: identity.user.contact.read; finance: billing.account.read; OAuth aliases oidc/lark/wechat expanded from registration loop,all/self/user_ids/resource_ids/routing_group_ids per operation,identity; finance owned by billing,"RPC shared SERVICE_TOKEN; SetUserRole also operator credential/root checks; HTTP verified session for self, public verification for auth","B1/A4 self ownership, JTI, OAuth/register/bootstrap atomicity; cross-user orders scope"
HTTP,identity,HandleFunc /api/verification,app/identity/internal/server/http.go:229,handleEmailVerification,6688b56a1ecf5d51b75920746b123a22cb4dfbf414c418158f426311677efb5b,public,authenticated owner only; independent self/auth rules; never implicit management operation,email including empty: identity.user.email_binding.update + user_credentials delegation; password/OAuth: identity.user.credential.update + delegation; status: identity.user.enable/disable; role: identity.user_role.assign/revoke diff; group: identity.routing_access.default.update + actual grant/revoke; contact: identity.user.contact.read; finance: billing.account.read; OAuth aliases oidc/lark/wechat expanded from registration loop,all/self/user_ids/resource_ids/routing_group_ids per operation,identity; finance owned by billing,"RPC shared SERVICE_TOKEN; SetUserRole also operator credential/root checks; HTTP verified session for self, public verification for auth","B1/A4 self ownership, JTI, OAuth/register/bootstrap atomicity; cross-user orders scope"
HTTP,identity,HandleFunc /dashboard/billing/subscription,app/identity/internal/server/http.go:214,handleDashboardBillingSubscription,7cd39d32d49cdbbd8e9b96da99507ed978fca456f925121c85727952b2cbc6b4,self,authenticated owner only; independent self/auth rules; never implicit management operation,email including empty: identity.user.email_binding.update + user_credentials delegation; password/OAuth: identity.user.credential.update + delegation; status: identity.user.enable/disable; role: identity.user_role.assign/revoke diff; group: identity.routing_access.default.update + actual grant/revoke; contact: identity.user.contact.read; finance: billing.account.read; OAuth aliases oidc/lark/wechat expanded from registration loop,all/self/user_ids/resource_ids/routing_group_ids per operation,identity; finance owned by billing,"RPC shared SERVICE_TOKEN; SetUserRole also operator credential/root checks; HTTP verified session for self, public verification for auth","B1/A4 self ownership, JTI, OAuth/register/bootstrap atomicity; cross-user orders scope"
HTTP,identity,HandleFunc /dashboard/billing/usage,app/identity/internal/server/http.go:208,handleDashboardBillingUsage,4f2e27ae51b882d5d422ce30b2313e66da2cf5cb99c0392080d2f69b14e1f4b8,self,authenticated owner only; independent self/auth rules; never implicit management operation,email including empty: identity.user.email_binding.update + user_credentials delegation; password/OAuth: identity.user.credential.update + delegation; status: identity.user.enable/disable; role: identity.user_role.assign/revoke diff; group: identity.routing_access.default.update + actual grant/revoke; contact: identity.user.contact.read; finance: billing.account.read; OAuth aliases oidc/lark/wechat expanded from registration loop,all/self/user_ids/resource_ids/routing_group_ids per operation,identity; finance owned by billing,"RPC shared SERVICE_TOKEN; SetUserRole also operator credential/root checks; HTTP verified session for self, public verification for auth","B1/A4 self ownership, JTI, OAuth/register/bootstrap atomicity; cross-user orders scope"
HTTP,identity,HandleFunc /healthz,app/identity/internal/server/http.go:157,inline,b77a96831213b313c69cf42f5a961705df913d08c621b9b9727bf31de3fa6f88,public,no user IAM; health/metrics deployment access; assets GET only; unknown API never SPA fallback,no business fields,n/a,identity,no user guard,health/assets only; unknown API rejection
HTTP,identity,HandleFunc /metrics,app/identity/internal/server/http.go:154,metrics.Handler metrics.Handler().ServeHTTP,f40ed01a4df849012d862b65cdc193ee0b9c41c3492b5d47e8b6289d09a50acc,public,no user IAM; health/metrics deployment access; assets GET only; unknown API never SPA fallback,no business fields,n/a,identity,no user guard,health/assets only; unknown API rejection
HTTP,identity,HandleFunc /v1/dashboard/billing/subscription,app/identity/internal/server/http.go:217,handleDashboardBillingSubscription,6dc1649cad2d25fd76369b82bcf4439032809d15f58afdbecca29d8dd5dd1bb4,self,authenticated owner only; independent self/auth rules; never implicit management operation,email including empty: identity.user.email_binding.update + user_credentials delegation; password/OAuth: identity.user.credential.update + delegation; status: identity.user.enable/disable; role: identity.user_role.assign/revoke diff; group: identity.routing_access.default.update + actual grant/revoke; contact: identity.user.contact.read; finance: billing.account.read; OAuth aliases oidc/lark/wechat expanded from registration loop,all/self/user_ids/resource_ids/routing_group_ids per operation,identity; finance owned by billing,"RPC shared SERVICE_TOKEN; SetUserRole also operator credential/root checks; HTTP verified session for self, public verification for auth","B1/A4 self ownership, JTI, OAuth/register/bootstrap atomicity; cross-user orders scope"
HTTP,identity,HandleFunc /v1/dashboard/billing/usage,app/identity/internal/server/http.go:211,handleDashboardBillingUsage,d2d16b774fe4a4a81e1d3a00a9323af5316aa0e3973aff9cf34ce710267b8d4e,self,authenticated owner only; independent self/auth rules; never implicit management operation,email including empty: identity.user.email_binding.update + user_credentials delegation; password/OAuth: identity.user.credential.update + delegation; status: identity.user.enable/disable; role: identity.user_role.assign/revoke diff; group: identity.routing_access.default.update + actual grant/revoke; contact: identity.user.contact.read; finance: billing.account.read; OAuth aliases oidc/lark/wechat expanded from registration loop,all/self/user_ids/resource_ids/routing_group_ids per operation,identity; finance owned by billing,"RPC shared SERVICE_TOKEN; SetUserRole also operator credential/root checks; HTTP verified session for self, public verification for auth","B1/A4 self ownership, JTI, OAuth/register/bootstrap atomicity; cross-user orders scope"
HTTP,identity,HandleFunc /v1/oauth/providers,app/identity/internal/server/http.go:122,oauthRegistry,7c6697e6034ca0fe7de190be45507f6b4819b6a7881a5ee5e7d64240e6899c04,mixed,OAuth login public verification; bind verified owner/state; user creation default-role atomic; organization disabled; no management privilege,email including empty: identity.user.email_binding.update + user_credentials delegation; password/OAuth: identity.user.credential.update + delegation; status: identity.user.enable/disable; role: identity.user_role.assign/revoke diff; group: identity.routing_access.default.update + actual grant/revoke; contact: identity.user.contact.read; finance: billing.account.read; OAuth aliases oidc/lark/wechat expanded from registration loop,all/self/user_ids/resource_ids/routing_group_ids per operation,identity; finance owned by billing,"RPC shared SERVICE_TOKEN; SetUserRole also operator credential/root checks; HTTP verified session for self, public verification for auth","B1/A4 self ownership, JTI, OAuth/register/bootstrap atomicity; cross-user orders scope"
HTTP,identity,HandlePrefix /api/token/,app/identity/internal/server/http.go:241,handleTokens http.HandlerFunc,db4c0712d13b9dddb3de6be9f981cc08cdbcb6775f12abfde9dbfd3615f0f1a2,self,authenticated owner only; independent self/auth rules; never implicit management operation,email including empty: identity.user.email_binding.update + user_credentials delegation; password/OAuth: identity.user.credential.update + delegation; status: identity.user.enable/disable; role: identity.user_role.assign/revoke diff; group: identity.routing_access.default.update + actual grant/revoke; contact: identity.user.contact.read; finance: billing.account.read; OAuth aliases oidc/lark/wechat expanded from registration loop,all/self/user_ids/resource_ids/routing_group_ids per operation,identity; finance owned by billing,"RPC shared SERVICE_TOKEN; SetUserRole also operator credential/root checks; HTTP verified session for self, public verification for auth","B1/A4 self ownership, JTI, OAuth/register/bootstrap atomicity; cross-user orders scope"
HTTP,identity,HandlePrefix /api/user/payment/orders/,app/identity/internal/server/http.go:205,handleUserPaymentOrderByTradeNo http.HandlerFunc,3179d12bb6c669f6b15aae60f09c30176df431a3a2efe908e324dab2a1e1073a,mixed,GET verified owner; cross-user requires billing.payment.read/list by branch + target user scope,email including empty: identity.user.email_binding.update + user_credentials delegation; password/OAuth: identity.user.credential.update + delegation; status: identity.user.enable/disable; role: identity.user_role.assign/revoke diff; group: identity.routing_access.default.update + actual grant/revoke; contact: identity.user.contact.read; finance: billing.account.read; OAuth aliases oidc/lark/wechat expanded from registration loop,all/self/user_ids/resource_ids/routing_group_ids per operation,identity; finance owned by billing,"RPC shared SERVICE_TOKEN; SetUserRole also operator credential/root checks; HTTP verified session for self, public verification for auth","B1/A4 self ownership, JTI, OAuth/register/bootstrap atomicity; cross-user orders scope"
HTTP,identity,HandlePrefix /v1/oauth/,app/identity/internal/server/http.go:127,handleOAuth http.HandlerFunc oauthRegistry,9c29a7d0ee9550cc0375acf7c1504c46a358eac3d5ce4d5545eea5db4fd210b7,mixed,OAuth login public verification; bind verified owner/state; user creation default-role atomic; organization disabled; no management privilege,email including empty: identity.user.email_binding.update + user_credentials delegation; password/OAuth: identity.user.credential.update + delegation; status: identity.user.enable/disable; role: identity.user_role.assign/revoke diff; group: identity.routing_access.default.update + actual grant/revoke; contact: identity.user.contact.read; finance: billing.account.read; OAuth aliases oidc/lark/wechat expanded from registration loop,all/self/user_ids/resource_ids/routing_group_ids per operation,identity; finance owned by billing,"RPC shared SERVICE_TOKEN; SetUserRole also operator credential/root checks; HTTP verified session for self, public verification for auth","B1/A4 self ownership, JTI, OAuth/register/bootstrap atomicity; cross-user orders scope"
HTTP,log,HandleFunc /api/log/self,app/log/internal/server/http.go:85,svc.HandleOneAPIUserLogs,81ee5506cffa8c5cc6d0132b523acff7e8abde7c1bfd663540509806e0f12c5b,self,GET owner-scoped logs/statistics; content separately redacted,request/response content: log.request.content.read; totals/stats same filtered scope,all/self/user_ids/resource_ids; selection facts owner-verified,log,RPC shared SERVICE_TOKEN; logs/selection HTTP ServiceAuth; /self session ownership,B resource: aliases/direct RPC + scope list/total/detail/bulk/export + fields/deny; P0 source drift check
HTTP,log,HandleFunc /api/log/self/search,app/log/internal/server/http.go:88,svc.HandleOneAPIUserLogSearch,24883eb2b450310db70af854c5da240d8716a414eb0257a4b1aa33576c918fe2,self,GET owner-scoped logs/statistics; content separately redacted,request/response content: log.request.content.read; totals/stats same filtered scope,all/self/user_ids/resource_ids; selection facts owner-verified,log,RPC shared SERVICE_TOKEN; logs/selection HTTP ServiceAuth; /self session ownership,B resource: aliases/direct RPC + scope list/total/detail/bulk/export + fields/deny; P0 source drift check
HTTP,log,HandleFunc /api/log/self/stat,app/log/internal/server/http.go:91,svc.HandleOneAPIUserLogStats,9d4e04f1857e3ebb8168ce1390aa7ed00af8a04ac0e5074e9e39378bb55fd0b5,self,GET owner-scoped logs/statistics; content separately redacted,request/response content: log.request.content.read; totals/stats same filtered scope,all/self/user_ids/resource_ids; selection facts owner-verified,log,RPC shared SERVICE_TOKEN; logs/selection HTTP ServiceAuth; /self session ownership,B resource: aliases/direct RPC + scope list/total/detail/bulk/export + fields/deny; P0 source drift check
HTTP,log,HandleFunc /healthz,app/log/internal/server/http.go:60,inline,b77a96831213b313c69cf42f5a961705df913d08c621b9b9727bf31de3fa6f88,public,no user IAM; health/metrics deployment access; assets GET only; unknown API never SPA fallback,no business fields,n/a,log,no user guard,health/assets only; unknown API rejection
HTTP,log,HandleFunc /metrics,app/log/internal/server/http.go:57,metrics.Handler metrics.Handler().ServeHTTP,f40ed01a4df849012d862b65cdc193ee0b9c41c3492b5d47e8b6289d09a50acc,public,no user IAM; health/metrics deployment access; assets GET only; unknown API never SPA fallback,no business fields,n/a,log,no user guard,health/assets only; unknown API rejection
HTTP,log,HandleFunc /v1/logs,app/log/internal/server/http.go:70,svc.HandleDeleteLogs svc.HandleIngestLog svc.HandleListLogs,a314c1bedc0c43aa21c002ef635d3d4c51066eace9d990271b77a023908580e8,mixed,GET log.request.list; POST log ingest system capability; DELETE log.request.purge,request/response content: log.request.content.read; totals/stats same filtered scope,all/self/user_ids/resource_ids; selection facts owner-verified,log,RPC shared SERVICE_TOKEN; logs/selection HTTP ServiceAuth; /self session ownership,B resource: aliases/direct RPC + scope list/total/detail/bulk/export + fields/deny; P0 source drift check
HTTP,log,HandleFunc /v1/selection-events,app/log/internal/server/http.go:67,svc.HandleListSelectionAudit,7c296f3af1a9e757f1554e01470d8bb977a630daaafbab24bbf09c2216dfb6dc,admin,GET log.selection_event.list,request/response content: log.request.content.read; totals/stats same filtered scope,all/self/user_ids/resource_ids; selection facts owner-verified,log,RPC shared SERVICE_TOKEN; logs/selection HTTP ServiceAuth; /self session ownership,B resource: aliases/direct RPC + scope list/total/detail/bulk/export + fields/deny; P0 source drift check
HTTP,log,HandlePrefix /v1/logs/,app/log/internal/server/http.go:82,svc.HandleGetLog,7637c532fc5fff2b8b814cc92810e47e3f1ed3093af182df10035f31314c03f6,admin,GET log.request.read; sensitive content log.request.content.read,request/response content: log.request.content.read; totals/stats same filtered scope,all/self/user_ids/resource_ids; selection facts owner-verified,log,RPC shared SERVICE_TOKEN; logs/selection HTTP ServiceAuth; /self session ownership,B resource: aliases/direct RPC + scope list/total/detail/bulk/export + fields/deny; P0 source drift check
HTTP,monitor,HandleFunc /healthz,app/monitor/internal/server/http.go:51,inline,b77a96831213b313c69cf42f5a961705df913d08c621b9b9727bf31de3fa6f88,public,no user IAM; health/metrics deployment access; assets GET only; unknown API never SPA fallback,no business fields,n/a,monitor,no user guard,health/assets only; unknown API rejection
HTTP,monitor,HandleFunc /metrics,app/monitor/internal/server/http.go:48,metrics.Handler metrics.Handler().ServeHTTP,f40ed01a4df849012d862b65cdc193ee0b9c41c3492b5d47e8b6289d09a50acc,public,no user IAM; health/metrics deployment access; assets GET only; unknown API never SPA fallback,no business fields,n/a,monitor,no user guard,health/assets only; unknown API rejection
HTTP,monitor,HandleFunc /v1/alert-rules,app/monitor/internal/server/http.go:26,svc.HandleCreateAlertRule svc.HandleListAlertRules,0ec932d38bbcb318a3f9cae983cdc95880c84f672a6f8548edcdfecbd1bc7f7e,admin,GET monitor.alert_rule.list; POST monitor.alert_rule.create,health service/channel/model distinct; alert-rule targets owner-verified,all/resource_ids; channel/model health may group-filter,monitor,RPC shared SERVICE_TOKEN; direct HTTP lacks user guard (B0/B4 gap),B resource: aliases/direct RPC + scope list/total/detail/bulk/export + fields/deny; P0 source drift check
HTTP,monitor,HandleFunc /v1/health-checks,app/monitor/internal/server/http.go:16,svc.HandleListHealthChecks svc.HandleRecordHealthCheck,db88fe2cf912b97ca3eb64a7a0624a2ff1715fba89b4910244247ecbf6e9c937,mixed,GET monitor.health.service.read; POST collection system capability (not user write),health service/channel/model distinct; alert-rule targets owner-verified,all/resource_ids; channel/model health may group-filter,monitor,RPC shared SERVICE_TOKEN; direct HTTP lacks user guard (B0/B4 gap),B resource: aliases/direct RPC + scope list/total/detail/bulk/export + fields/deny; P0 source drift check
HTTP,monitor,HandlePrefix /v1/alert-rules/,app/monitor/internal/server/http.go:36,http.HandlerFunc svc.HandleDeleteAlertRule svc.HandleGetAlertRule svc.HandleUpdateAlertRule,9c9333a54e2a38b7bc8b8d788af2c36d45b6f130001cfa861885e4518b99f37c,admin,GET monitor.alert_rule.read; PUT monitor.alert_rule.update; DELETE monitor.alert_rule.delete,health service/channel/model distinct; alert-rule targets owner-verified,all/resource_ids; channel/model health may group-filter,monitor,RPC shared SERVICE_TOKEN; direct HTTP lacks user guard (B0/B4 gap),B resource: aliases/direct RPC + scope list/total/detail/bulk/export + fields/deny; P0 source drift check
HTTP,notify,HandleFunc /healthz,app/notify/internal/server/http.go:33,inline,b77a96831213b313c69cf42f5a961705df913d08c621b9b9727bf31de3fa6f88,public,no user IAM; health/metrics deployment access; assets GET only; unknown API never SPA fallback,no business fields,n/a,notify,no user guard,health/assets only; unknown API rejection
HTTP,notify,HandleFunc /metrics,app/notify/internal/server/http.go:30,metrics.Handler metrics.Handler().ServeHTTP,f40ed01a4df849012d862b65cdc193ee0b9c41c3492b5d47e8b6289d09a50acc,public,no user IAM; health/metrics deployment access; assets GET only; unknown API never SPA fallback,no business fields,n/a,notify,no user guard,health/assets only; unknown API rejection
HTTP,notify,HandleFunc /v1/alerts/alertmanager,app/notify/internal/server/http.go:16,svc.HandleAlertmanager,62f4d0a285408a8bb6a99d9b67a36573179d9da9e17e783c05d6f2b3abd938aa,system,POST verified Alertmanager system capability (service identity B0 pending),delivery status is system-only; payload sensitive data filtered,all/resource_ids,notify,RPC shared SERVICE_TOKEN; direct HTTP/Alertmanager lacks independent user/service identity (B0/B4 gap),B resource: aliases/direct RPC + scope list/total/detail/bulk/export + fields/deny; P0 source drift check
HTTP,notify,HandleFunc /v1/notifications,app/notify/internal/server/http.go:17,svc.HandleCreateNotification svc.HandleListNotifications,cc4fb7835ad9ac4e8c41221786ff8951389967f4687edc1f219ab68956f176cb,mixed,GET notify.notification.list; POST dispatch system capability,delivery status is system-only; payload sensitive data filtered,all/resource_ids,notify,RPC shared SERVICE_TOKEN; direct HTTP/Alertmanager lacks independent user/service identity (B0/B4 gap),B resource: aliases/direct RPC + scope list/total/detail/bulk/export + fields/deny; P0 source drift check
HTTP,notify,HandlePrefix /v1/notifications/,app/notify/internal/server/http.go:27,http.HandlerFunc svc.HandleGetNotification,ade67e2691767f67cd0761db664b75070ebb945155d3e9b909a4c6969e459b07,admin,GET notify.notification.read,delivery status is system-only; payload sensitive data filtered,all/resource_ids,notify,RPC shared SERVICE_TOKEN; direct HTTP/Alertmanager lacks independent user/service identity (B0/B4 gap),B resource: aliases/direct RPC + scope list/total/detail/bulk/export + fields/deny; P0 source drift check
HTTP,relay,HandleFunc /health,internal/server/http_enhanced.go:79,chain(http.HandlerFunc(s.handleHealth)).ServeHTTP handleHealth http.HandlerFunc s.handleHealth,59b7d1d91aa4c4b8de1935a67f88c921456eb837794ca5350e441a84f041883f,public,no user IAM; health/metrics deployment access; assets GET only; unknown API never SPA fallback,no business fields,n/a,relay,no user guard,health/assets only; unknown API rejection
HTTP,relay,HandleFunc /healthz,internal/server/routes.go:124,handleHealth s.handleHealth,7a322f73d9b5e53910c7edca68a1057013a8a45e5f8f40e605557a2ac5041b92,public,no user IAM; health/metrics deployment access; assets GET only; unknown API never SPA fallback,no business fields,n/a,relay,no user guard,health/assets only; unknown API rejection
HTTP,relay,HandleFunc /metrics,internal/server/routes.go:125,metrics.Handler metrics.Handler().ServeHTTP,f40ed01a4df849012d862b65cdc193ee0b9c41c3492b5d47e8b6289d09a50acc,public,no user IAM; health/metrics deployment access; assets GET only; unknown API never SPA fallback,no business fields,n/a,relay,no user guard,health/assets only; unknown API rejection
HTTP,relay,HandleFunc /v1/chat/completions,internal/server/http_enhanced.go:55,chain(http.HandlerFunc(s.handleChatCompletions)).ServeHTTP handleChatCompletions http.HandlerFunc s.handleChatCompletions,6763cf7e0e88d30c4387837ace54cac44329d65c8a2b4827e42ebeea05018be6,self,API-key model/routing/quota entitlement; /api/status public; /api/models/group verified self projection,API key secrets stay internal; independent routing/quota eligibility,owner/API-key routing entitlement; no IAM scope expansion,relay,API-key/routing/quota ownership; alternate enhanced constructor listed separately,existing relay route budget/ownership integration
HTTP,relay,HandleFunc /v1/models,internal/server/http_enhanced.go:67,chain(http.HandlerFunc(s.handleModels)).ServeHTTP handleModels http.HandlerFunc s.handleModels,d3631a45f6dcd4aa1cbab449364c33ba8416e2cf302d586679b994f2e76ecf60,self,API-key model/routing/quota entitlement; /api/status public; /api/models/group verified self projection,API key secrets stay internal; independent routing/quota eligibility,owner/API-key routing entitlement; no IAM scope expansion,relay,API-key/routing/quota ownership; alternate enhanced constructor listed separately,existing relay route budget/ownership integration
HTTP,relay,HandlePrefix /v1/,internal/server/routes.go:118,http.HandlerFunc unknown.ServeHTTP,99ac16cc182552cc68a02ad1d6992db3eac908d3fc72dad71122b6bda4d9ac15,public,unsupported: reject; no execution capability,none,n/a,relay,unsupported response; must not SPA fallback,unsupported integration; never dispatch
HTTP,relay,handleFunc /api/group,internal/server/routes.go:123,handleGroups s.handleGroups,0c8c1dd28fe6bcc4c63f2433c48a62c31acce516654bd7de21a7da7bb173c13b,self,API-key model/routing/quota entitlement; /api/status public; /api/models/group verified self projection,API key secrets stay internal; independent routing/quota eligibility,owner/API-key routing entitlement; no IAM scope expansion,relay,API-key/routing/quota ownership; alternate enhanced constructor listed separately,existing relay route budget/ownership integration
HTTP,relay,handleFunc /api/models,internal/server/routes.go:122,handleDashboardModels s.handleDashboardModels,a91040ba8d19f1b763aa4cacdc5eee38e7950864cd97ef9655254d47b45a652c,self,API-key model/routing/quota entitlement; /api/status public; /api/models/group verified self projection,API key secrets stay internal; independent routing/quota eligibility,owner/API-key routing entitlement; no IAM scope expansion,relay,API-key/routing/quota ownership; alternate enhanced constructor listed separately,existing relay route budget/ownership integration
HTTP,relay,handleFunc /api/status,internal/server/routes.go:121,handleAPIStatus s.handleAPIStatus,284acc35e0857c6613a1c7318f7618eb87ec6458f8f50bf6be571307e5b457ae,self,API-key model/routing/quota entitlement; /api/status public; /api/models/group verified self projection,API key secrets stay internal; independent routing/quota eligibility,owner/API-key routing entitlement; no IAM scope expansion,relay,API-key/routing/quota ownership; alternate enhanced constructor listed separately,existing relay route budget/ownership integration
HTTP,relay,handleFunc /v1/assistants,internal/server/routes.go:106,handleUnsupportedOpenAIRoute s.handleUnsupportedOpenAIRoute,960dceb4b6f3ef3db7c994cfd973456c1c6441b67d712a34c22a84630e19d4de,public,unsupported: reject; no execution capability,none,n/a,relay,unsupported response; must not SPA fallback,unsupported integration; never dispatch
HTTP,relay,handleFunc /v1/audio/speech,internal/server/routes.go:77,handleRawRelay s.handleRawRelay,e3d5d4ef69bc6fb79711b6ca84c605ab78b310743ddee77f956c587111cbaa6d,self,API-key model/routing/quota entitlement; /api/status public; /api/models/group verified self projection,API key secrets stay internal; independent routing/quota eligibility,owner/API-key routing entitlement; no IAM scope expansion,relay,API-key/routing/quota ownership; alternate enhanced constructor listed separately,existing relay route budget/ownership integration
HTTP,relay,handleFunc /v1/audio/transcriptions,internal/server/routes.go:75,handleRawRelay s.handleRawRelay,f6908153ca04f4c69c6b054a256f9a80243a20242dfdb2d365ce4d53b81cf0f2,self,API-key model/routing/quota entitlement; /api/status public; /api/models/group verified self projection,API key secrets stay internal; independent routing/quota eligibility,owner/API-key routing entitlement; no IAM scope expansion,relay,API-key/routing/quota ownership; alternate enhanced constructor listed separately,existing relay route budget/ownership integration
HTTP,relay,handleFunc /v1/audio/translations,internal/server/routes.go:76,handleRawRelay s.handleRawRelay,0402a94d6cbbb7cc7e77e9dcdc5a734eb645bf5911bc0197d57bbf119c620df5,self,API-key model/routing/quota entitlement; /api/status public; /api/models/group verified self projection,API key secrets stay internal; independent routing/quota eligibility,owner/API-key routing entitlement; no IAM scope expansion,relay,API-key/routing/quota ownership; alternate enhanced constructor listed separately,existing relay route budget/ownership integration
HTTP,relay,handleFunc /v1/batches,internal/server/routes.go:92,handleUnsupportedOpenAIRoute s.handleUnsupportedOpenAIRoute,89a5f55283360d68b447d5eee8d445f2767d37ab54d6385eb7279da50e19c742,public,unsupported: reject; no execution capability,none,n/a,relay,unsupported response; must not SPA fallback,unsupported integration; never dispatch
HTTP,relay,handleFunc /v1/chat/completions,internal/server/routes.go:69,s.relayOrchestratorChatHandler,e3abd7889ded54702dbfba9130848ab44bbb12848084cf1ab1f6a92aa4aac159,self,API-key model/routing/quota entitlement; /api/status public; /api/models/group verified self projection,API key secrets stay internal; independent routing/quota eligibility,owner/API-key routing entitlement; no IAM scope expansion,relay,API-key/routing/quota ownership; alternate enhanced constructor listed separately,existing relay route budget/ownership integration
HTTP,relay,handleFunc /v1/completions,internal/server/routes.go:70,handleRawRelay s.handleRawRelay,649764a911ab3693e5d4ca1bcec745f3f86864497ec0a63fd52aa8d22a684339,self,API-key model/routing/quota entitlement; /api/status public; /api/models/group verified self projection,API key secrets stay internal; independent routing/quota eligibility,owner/API-key routing entitlement; no IAM scope expansion,relay,API-key/routing/quota ownership; alternate enhanced constructor listed separately,existing relay route budget/ownership integration
HTTP,relay,handleFunc /v1/containers,internal/server/routes.go:100,handleUnsupportedOpenAIRoute s.handleUnsupportedOpenAIRoute,038099155137a95a19316623fc4e8a6c774bde59a7a255999092a631431db18d,public,unsupported: reject; no execution capability,none,n/a,relay,unsupported response; must not SPA fallback,unsupported integration; never dispatch
HTTP,relay,handleFunc /v1/conversations,internal/server/routes.go:104,handleUnsupportedOpenAIRoute s.handleUnsupportedOpenAIRoute,24d2c2bb9bcd507d2e0eb9fddc4df7976cd10d4b0fed0c468378a79d76cadb4b,public,unsupported: reject; no execution capability,none,n/a,relay,unsupported response; must not SPA fallback,unsupported integration; never dispatch
HTTP,relay,handleFunc /v1/edits,internal/server/routes.go:79,handleUnsupportedOpenAIRoute s.handleUnsupportedOpenAIRoute,b3ed6a7b63cae6d0bbc084380f4ebd8560e58de89cd42306c24fe89d714257d0,public,unsupported: reject; no execution capability,none,n/a,relay,unsupported response; must not SPA fallback,unsupported integration; never dispatch
HTTP,relay,handleFunc /v1/embeddings,internal/server/routes.go:71,handleRawRelay s.handleRawRelay,5d32c42547ac6207368d1d9bf7496ae39bdd923aa679095cf24aa20faf43653d,self,API-key model/routing/quota entitlement; /api/status public; /api/models/group verified self projection,API key secrets stay internal; independent routing/quota eligibility,owner/API-key routing entitlement; no IAM scope expansion,relay,API-key/routing/quota ownership; alternate enhanced constructor listed separately,existing relay route budget/ownership integration
HTTP,relay,handleFunc /v1/engines,internal/server/routes.go:84,handleUnsupportedOpenAIRoute s.handleUnsupportedOpenAIRoute,9d293e3558d130f76f1c17f6bbbb7e5c9bd75d982edbb41f6324209df357a5b1,public,unsupported: reject; no execution capability,none,n/a,relay,unsupported response; must not SPA fallback,unsupported integration; never dispatch
HTTP,relay,handleFunc /v1/evals,internal/server/routes.go:98,handleUnsupportedOpenAIRoute s.handleUnsupportedOpenAIRoute,6a334fcaa9c478907eb139cdce9d3c29c503f22548fba736dd00fe384491f67c,public,unsupported: reject; no execution capability,none,n/a,relay,unsupported response; must not SPA fallback,unsupported integration; never dispatch
HTTP,relay,handleFunc /v1/files,internal/server/routes.go:86,handleUnsupportedOpenAIRoute s.handleUnsupportedOpenAIRoute,0b1007db7cb5b2794cfa937cda6d3b59cfbb76044eb8bca8aa22350ddaac0e14,public,unsupported: reject; no execution capability,none,n/a,relay,unsupported response; must not SPA fallback,unsupported integration; never dispatch
HTTP,relay,handleFunc /v1/fine-tunes,internal/server/routes.go:88,handleUnsupportedOpenAIRoute s.handleUnsupportedOpenAIRoute,c5aef185d196ea728697cc1ed82f0bfe93348f8dda42ba9b1487ca787908f307,public,unsupported: reject; no execution capability,none,n/a,relay,unsupported response; must not SPA fallback,unsupported integration; never dispatch
HTTP,relay,handleFunc /v1/fine_tuning/jobs,internal/server/routes.go:90,handleUnsupportedOpenAIRoute s.handleUnsupportedOpenAIRoute,3d0d02112dae3d7c826471f3b80b1ac6ef78edb306388dc19965dfb9de984c01,public,unsupported: reject; no execution capability,none,n/a,relay,unsupported response; must not SPA fallback,unsupported integration; never dispatch
HTTP,relay,handleFunc /v1/images/edits,internal/server/routes.go:73,handleUnsupportedOpenAIRoute s.handleUnsupportedOpenAIRoute,69ddf716a5a668db7fe1c29464270ed6d238c36ebf2425d3830a809718948203,public,unsupported: reject; no execution capability,none,n/a,relay,unsupported response; must not SPA fallback,unsupported integration; never dispatch
HTTP,relay,handleFunc /v1/images/generations,internal/server/routes.go:72,handleRawRelay s.handleRawRelay,ac4cd85b0210ef8f28cb0d334d5e518ebe295d71d275e67516f0c36592d40152,self,API-key model/routing/quota entitlement; /api/status public; /api/models/group verified self projection,API key secrets stay internal; independent routing/quota eligibility,owner/API-key routing entitlement; no IAM scope expansion,relay,API-key/routing/quota ownership; alternate enhanced constructor listed separately,existing relay route budget/ownership integration
HTTP,relay,handleFunc /v1/images/variations,internal/server/routes.go:74,handleUnsupportedOpenAIRoute s.handleUnsupportedOpenAIRoute,5a6dc6c3128235372291c80096d15e3d19402c5973ce853935c17748b296a88d,public,unsupported: reject; no execution capability,none,n/a,relay,unsupported response; must not SPA fallback,unsupported integration; never dispatch
HTTP,relay,handleFunc /v1/messages,internal/server/routes.go:113,s.relayOrchestratorMessagesHandler,9e603094dd6eeb1af9f4122415da95d4e1f56f531393b126fce564400a068f94,self,API-key model/routing/quota entitlement; /api/status public; /api/models/group verified self projection,API key secrets stay internal; independent routing/quota eligibility,owner/API-key routing entitlement; no IAM scope expansion,relay,API-key/routing/quota ownership; alternate enhanced constructor listed separately,existing relay route budget/ownership integration
HTTP,relay,handleFunc /v1/models,internal/server/routes.go:114,handleModels s.handleModels,7407e5137cc8e94afb893664f6d2f06224976e2d440b29f60b7bd0bfaa7ddb75,self,API-key model/routing/quota entitlement; /api/status public; /api/models/group verified self projection,API key secrets stay internal; independent routing/quota eligibility,owner/API-key routing entitlement; no IAM scope expansion,relay,API-key/routing/quota ownership; alternate enhanced constructor listed separately,existing relay route budget/ownership integration
HTTP,relay,handleFunc /v1/moderations,internal/server/routes.go:78,handleRawRelay s.handleRawRelay,52f0d94f5ce415c1481f0247e88b5f02f92ba3d659c79c5e9f11aad9920c7a7e,self,API-key model/routing/quota entitlement; /api/status public; /api/models/group verified self projection,API key secrets stay internal; independent routing/quota eligibility,owner/API-key routing entitlement; no IAM scope expansion,relay,API-key/routing/quota ownership; alternate enhanced constructor listed separately,existing relay route budget/ownership integration
HTTP,relay,handleFunc /v1/responses,internal/server/routes.go:80,s.relayOrchestratorResponsesHandler,31485e9e5fdd41f7e89d8948380c2e1d911fd7eca6683e2fe4f2e38bfd96103f,self,API-key model/routing/quota entitlement; /api/status public; /api/models/group verified self projection,API key secrets stay internal; independent routing/quota eligibility,owner/API-key routing entitlement; no IAM scope expansion,relay,API-key/routing/quota ownership; alternate enhanced constructor listed separately,existing relay route budget/ownership integration
HTTP,relay,handleFunc /v1/subscription/usage,internal/server/routes.go:83,handleSubscriptionUsage s.handleSubscriptionUsage,8d8bc766913c225d9959503acb6eec174b7bb51a405b9d58b6c3fb7eed0bafa2,self,API-key model/routing/quota entitlement; /api/status public; /api/models/group verified self projection,API key secrets stay internal; independent routing/quota eligibility,owner/API-key routing entitlement; no IAM scope expansion,relay,API-key/routing/quota ownership; alternate enhanced constructor listed separately,existing relay route budget/ownership integration
HTTP,relay,handleFunc /v1/threads,internal/server/routes.go:108,handleUnsupportedOpenAIRoute s.handleUnsupportedOpenAIRoute,c5948c0d025398cd23630ab1387abe535bb50c82b0ced139094c678709848794,public,unsupported: reject; no execution capability,none,n/a,relay,unsupported response; must not SPA fallback,unsupported integration; never dispatch
HTTP,relay,handleFunc /v1/uploads,internal/server/routes.go:94,handleUnsupportedOpenAIRoute s.handleUnsupportedOpenAIRoute,554059668e9288154e3aaa8c716a10d032b27366389b6faad3d6d4c6719c81c0,public,unsupported: reject; no execution capability,none,n/a,relay,unsupported response; must not SPA fallback,unsupported integration; never dispatch
HTTP,relay,handleFunc /v1/usage,internal/server/routes.go:82,handleUsage s.handleUsage,2c5e2af7384c4048b01257b5f9158302b7b683db00b674885e4d81ef8beebfc2,self,API-key model/routing/quota entitlement; /api/status public; /api/models/group verified self projection,API key secrets stay internal; independent routing/quota eligibility,owner/API-key routing entitlement; no IAM scope expansion,relay,API-key/routing/quota ownership; alternate enhanced constructor listed separately,existing relay route budget/ownership integration
HTTP,relay,handleFunc /v1/vector_stores,internal/server/routes.go:96,handleUnsupportedOpenAIRoute s.handleUnsupportedOpenAIRoute,09e205c133c8e966e512c2cb9a829c83ace6a9c61707fb1b1448afbe55f75745,public,unsupported: reject; no execution capability,none,n/a,relay,unsupported response; must not SPA fallback,unsupported integration; never dispatch
HTTP,relay,handlePrefix /v1/assistants/,internal/server/routes.go:107,handleUnsupportedOpenAIRoute http.HandlerFunc s.handleUnsupportedOpenAIRoute,73dbaeb8af66ed7c256f5acf6af531439fcad5ad0ff62ebeb2930ff0cf64b85e,public,unsupported: reject; no execution capability,none,n/a,relay,unsupported response; must not SPA fallback,unsupported integration; never dispatch
HTTP,relay,handlePrefix /v1/batches/,internal/server/routes.go:93,handleUnsupportedOpenAIRoute http.HandlerFunc s.handleUnsupportedOpenAIRoute,5a7d7935b00f608ba81eb88657904a8326c0d503a39ac60f0e181f93e4b08b39,public,unsupported: reject; no execution capability,none,n/a,relay,unsupported response; must not SPA fallback,unsupported integration; never dispatch
HTTP,relay,handlePrefix /v1/containers/,internal/server/routes.go:101,handleUnsupportedOpenAIRoute http.HandlerFunc s.handleUnsupportedOpenAIRoute,d691490c982fb328ec2e349a1075daaad2a5be9579f03e450c5f12d84f581dbe,public,unsupported: reject; no execution capability,none,n/a,relay,unsupported response; must not SPA fallback,unsupported integration; never dispatch
HTTP,relay,handlePrefix /v1/conversations/,internal/server/routes.go:105,handleUnsupportedOpenAIRoute http.HandlerFunc s.handleUnsupportedOpenAIRoute,50f8ed6d0c839e05c1d72052f85b97155646917d481564f64a854ee07d00e2b2,public,unsupported: reject; no execution capability,none,n/a,relay,unsupported response; must not SPA fallback,unsupported integration; never dispatch
HTTP,relay,handlePrefix /v1/engines/,internal/server/routes.go:85,handleUnsupportedOpenAIRoute http.HandlerFunc s.handleUnsupportedOpenAIRoute,aa9f7bf88bbfbd7027162913396a3751b76ef35bf74efcd150d0aae59bf04fb2,public,unsupported: reject; no execution capability,none,n/a,relay,unsupported response; must not SPA fallback,unsupported integration; never dispatch
HTTP,relay,handlePrefix /v1/evals/,internal/server/routes.go:99,handleUnsupportedOpenAIRoute http.HandlerFunc s.handleUnsupportedOpenAIRoute,b19c395bcd0771a219cacb578aaba57a45b71282ebd9f1f7783ed79573ad4ee0,public,unsupported: reject; no execution capability,none,n/a,relay,unsupported response; must not SPA fallback,unsupported integration; never dispatch
HTTP,relay,handlePrefix /v1/files/,internal/server/routes.go:87,handleUnsupportedOpenAIRoute http.HandlerFunc s.handleUnsupportedOpenAIRoute,eb8d3704bd92d0ac7441ea26859636849f41cd30303628e14f4949a91e6ed3db,public,unsupported: reject; no execution capability,none,n/a,relay,unsupported response; must not SPA fallback,unsupported integration; never dispatch
HTTP,relay,handlePrefix /v1/fine-tunes/,internal/server/routes.go:89,handleUnsupportedOpenAIRoute http.HandlerFunc s.handleUnsupportedOpenAIRoute,8e6c7b4d3d9299080d6f3a7f4f5aa3deefd06b375e2a53dbbf8494a412b1cb73,public,unsupported: reject; no execution capability,none,n/a,relay,unsupported response; must not SPA fallback,unsupported integration; never dispatch
HTTP,relay,handlePrefix /v1/fine_tuning/alpha/graders/,internal/server/routes.go:102,handleUnsupportedOpenAIRoute http.HandlerFunc s.handleUnsupportedOpenAIRoute,75a3c591e7bfb3ad40039a38332014e737ecf8ff4ef2cda147d9e9283556f324,public,unsupported: reject; no execution capability,none,n/a,relay,unsupported response; must not SPA fallback,unsupported integration; never dispatch
HTTP,relay,handlePrefix /v1/fine_tuning/jobs/,internal/server/routes.go:91,handleUnsupportedOpenAIRoute http.HandlerFunc s.handleUnsupportedOpenAIRoute,cbe232a0925f230fbac4ee3baf0626247372b8a734d16e67666a9a9494ab6343,public,unsupported: reject; no execution capability,none,n/a,relay,unsupported response; must not SPA fallback,unsupported integration; never dispatch
HTTP,relay,handlePrefix /v1/models/,internal/server/routes.go:115,handleRetrieveModel http.HandlerFunc s.handleRetrieveModel,72679547c446cf0eced4d0f733846415eae0e293ab3e2b76289b30260b0ac314,self,API-key model/routing/quota entitlement; /api/status public; /api/models/group verified self projection,API key secrets stay internal; independent routing/quota eligibility,owner/API-key routing entitlement; no IAM scope expansion,relay,API-key/routing/quota ownership; alternate enhanced constructor listed separately,existing relay route budget/ownership integration
HTTP,relay,handlePrefix /v1/oneapi/proxy/,internal/server/routes.go:110,handleOneAPIProxy http.HandlerFunc s.handleOneAPIProxy,05e6f38b558ff6e9fd14fe0c37cf856918da78f6f734f493db7565148cf88877,self,API-key model/routing/quota entitlement; /api/status public; /api/models/group verified self projection,API key secrets stay internal; independent routing/quota eligibility,owner/API-key routing entitlement; no IAM scope expansion,relay,API-key/routing/quota ownership; alternate enhanced constructor listed separately,existing relay route budget/ownership integration
HTTP,relay,handlePrefix /v1/realtime/,internal/server/routes.go:103,handleUnsupportedOpenAIRoute http.HandlerFunc s.handleUnsupportedOpenAIRoute,103e54a1dce698fb77157313e14a55bb77d11bdc594eacc98b443aaf6895c073,public,unsupported: reject; no execution capability,none,n/a,relay,unsupported response; must not SPA fallback,unsupported integration; never dispatch
HTTP,relay,handlePrefix /v1/responses/,internal/server/routes.go:81,http.HandlerFunc s.relayOrchestratorResponsesHandler,63e8227f0f97ee1c2833c7b1738e8a3fec8b5e2fe5af661e4f37fee138efb9d1,self,API-key model/routing/quota entitlement; /api/status public; /api/models/group verified self projection,API key secrets stay internal; independent routing/quota eligibility,owner/API-key routing entitlement; no IAM scope expansion,relay,API-key/routing/quota ownership; alternate enhanced constructor listed separately,existing relay route budget/ownership integration
HTTP,relay,handlePrefix /v1/threads/,internal/server/routes.go:109,handleUnsupportedOpenAIRoute http.HandlerFunc s.handleUnsupportedOpenAIRoute,f7761c37f2dbb08b7e4aba25f41d0c32c03d12bbaa1ee325c2326f10afb8f1ea,public,unsupported: reject; no execution capability,none,n/a,relay,unsupported response; must not SPA fallback,unsupported integration; never dispatch
HTTP,relay,handlePrefix /v1/uploads/,internal/server/routes.go:95,handleUnsupportedOpenAIRoute http.HandlerFunc s.handleUnsupportedOpenAIRoute,fe38d82a069661faf400d02750dbaa5d627396cd703ad06de1b24182aa29cee1,public,unsupported: reject; no execution capability,none,n/a,relay,unsupported response; must not SPA fallback,unsupported integration; never dispatch
HTTP,relay,handlePrefix /v1/vector_stores/,internal/server/routes.go:97,handleUnsupportedOpenAIRoute http.HandlerFunc s.handleUnsupportedOpenAIRoute,bc13228c9cb43513bf0495847cffc127d3ba5aee8585f317641337428817d452,public,unsupported: reject; no execution capability,none,n/a,relay,unsupported response; must not SPA fallback,unsupported integration; never dispatch
RPC,admin,/api.admin.v1.AdminService/ChangeChannelStatus,api/admin/v1/admin.proto,AdminService.ChangeChannelStatus,aa2fab3f478ca6517a39c9fd76e1b0198ca96a93a0be69ba3585fa5817a7edbc,admin,channel.channel.enable OR channel.channel.disable (status branch),compose source field permissions; no authority from proxy,each operation registry + each source owner; intersect before aggregate,admin,HTTP newAdminGuard role>=10 or ADMIN_TOKEN; RPC service-token only; price exchange root>=100; user role special SetRole,B resource: aliases/direct RPC + scope list/total/detail/bulk/export + fields/deny; P0 source drift check
RPC,admin,/api.admin.v1.AdminService/ChangeSubscriptionAccountStatus,api/admin/v1/admin.proto,AdminService.ChangeSubscriptionAccountStatus,5626964eaca366a6c88793ac62a07d05567f34082aaf0cc1203e63df72267e66,admin,channel.account.enable OR channel.account.disable (status branch),compose source field permissions; no authority from proxy,each operation registry + each source owner; intersect before aggregate,admin,HTTP newAdminGuard role>=10 or ADMIN_TOKEN; RPC service-token only; price exchange root>=100; user role special SetRole,B resource: aliases/direct RPC + scope list/total/detail/bulk/export + fields/deny; P0 source drift check
RPC,admin,/api.admin.v1.AdminService/CreateChannel,api/admin/v1/admin.proto,AdminService.CreateChannel,293a702803d9877a4024c1a0d7721b4e269966ea0ef689938f26a823f474b45b,admin,channel.channel.create,compose source field permissions; no authority from proxy,each operation registry + each source owner; intersect before aggregate,admin,HTTP newAdminGuard role>=10 or ADMIN_TOKEN; RPC service-token only; price exchange root>=100; user role special SetRole,B resource: aliases/direct RPC + scope list/total/detail/bulk/export + fields/deny; P0 source drift check
RPC,admin,/api.admin.v1.AdminService/CreateRedeemCode,api/admin/v1/admin.proto,AdminService.CreateRedeemCode,e617d97fa4f858b5a0aac5e8ce374d0a4e4be40d53010650b9ed80e0258aa51e,admin,billing.redemption.create,compose source field permissions; no authority from proxy,each operation registry + each source owner; intersect before aggregate,admin,HTTP newAdminGuard role>=10 or ADMIN_TOKEN; RPC service-token only; price exchange root>=100; user role special SetRole,B resource: aliases/direct RPC + scope list/total/detail/bulk/export + fields/deny; P0 source drift check
RPC,admin,/api.admin.v1.AdminService/CreateRedeemCodesBatch,api/admin/v1/admin.proto,AdminService.CreateRedeemCodesBatch,dafef0e7db53cf48ed1fae3c00b8d99ead51cad61d261d9eaa60aea721fcd606,admin,billing.redemption.batch_create,compose source field permissions; no authority from proxy,each operation registry + each source owner; intersect before aggregate,admin,HTTP newAdminGuard role>=10 or ADMIN_TOKEN; RPC service-token only; price exchange root>=100; user role special SetRole,B resource: aliases/direct RPC + scope list/total/detail/bulk/export + fields/deny; P0 source drift check
RPC,admin,/api.admin.v1.AdminService/CreateSubscriptionAccount,api/admin/v1/admin.proto,AdminService.CreateSubscriptionAccount,facd3a46532998a4bce0acacee3ec3a2c827aff96cf5385b9e45825c8078c219,admin,channel.account.create,compose source field permissions; no authority from proxy,each operation registry + each source owner; intersect before aggregate,admin,HTTP newAdminGuard role>=10 or ADMIN_TOKEN; RPC service-token only; price exchange root>=100; user role special SetRole,B resource: aliases/direct RPC + scope list/total/detail/bulk/export + fields/deny; P0 source drift check
RPC,admin,/api.admin.v1.AdminService/CreateUser,api/admin/v1/admin.proto,AdminService.CreateUser,c109a1a649fd792c9c1b6069402af35b2d4dca87b7c2fe14778daa096faf77b6,admin,identity.user.create + default role + requested sensitive USER_FIELDS,compose source field permissions; no authority from proxy,each operation registry + each source owner; intersect before aggregate,admin,HTTP newAdminGuard role>=10 or ADMIN_TOKEN; RPC service-token only; price exchange root>=100; user role special SetRole,B resource: aliases/direct RPC + scope list/total/detail/bulk/export + fields/deny; P0 source drift check
RPC,admin,/api.admin.v1.AdminService/DeleteChannel,api/admin/v1/admin.proto,AdminService.DeleteChannel,a8113f870f606a38baf141bdc155bbc4604f255ec6064dc9f8502a60e09e68a0,admin,channel.channel.delete,compose source field permissions; no authority from proxy,each operation registry + each source owner; intersect before aggregate,admin,HTTP newAdminGuard role>=10 or ADMIN_TOKEN; RPC service-token only; price exchange root>=100; user role special SetRole,B resource: aliases/direct RPC + scope list/total/detail/bulk/export + fields/deny; P0 source drift check
RPC,admin,/api.admin.v1.AdminService/DeleteModelRouting,api/admin/v1/admin.proto,AdminService.DeleteModelRouting,37161deecd6cb76351008049cce94f7efb277b59a99ef8b8af98c0ad9492f8a2,admin,channel.model_routing.delete,compose source field permissions; no authority from proxy,each operation registry + each source owner; intersect before aggregate,admin,HTTP newAdminGuard role>=10 or ADMIN_TOKEN; RPC service-token only; price exchange root>=100; user role special SetRole,B resource: aliases/direct RPC + scope list/total/detail/bulk/export + fields/deny; P0 source drift check
RPC,admin,/api.admin.v1.AdminService/DeleteRedeemCode,api/admin/v1/admin.proto,AdminService.DeleteRedeemCode,9ec1902c47899bccc96242cb52a557b2c0ca799f66f1fc10ae81262e15194816,admin,billing.redemption.delete,compose source field permissions; no authority from proxy,each operation registry + each source owner; intersect before aggregate,admin,HTTP newAdminGuard role>=10 or ADMIN_TOKEN; RPC service-token only; price exchange root>=100; user role special SetRole,B resource: aliases/direct RPC + scope list/total/detail/bulk/export + fields/deny; P0 source drift check
RPC,admin,/api.admin.v1.AdminService/DeleteSubscriptionAccount,api/admin/v1/admin.proto,AdminService.DeleteSubscriptionAccount,f025c0e45e1243df6c5ae0720dfee5628268605f105c30a62cce4f713892dd24,admin,channel.account.delete,compose source field permissions; no authority from proxy,each operation registry + each source owner; intersect before aggregate,admin,HTTP newAdminGuard role>=10 or ADMIN_TOKEN; RPC service-token only; price exchange root>=100; user role special SetRole,B resource: aliases/direct RPC + scope list/total/detail/bulk/export + fields/deny; P0 source drift check
RPC,admin,/api.admin.v1.AdminService/DeleteUser,api/admin/v1/admin.proto,AdminService.DeleteUser,870b30b4313ae8ca2cbbaf76964328d37be3c16831c1102de2e7ac435807020b,admin,identity.user.delete,compose source field permissions; no authority from proxy,each operation registry + each source owner; intersect before aggregate,admin,HTTP newAdminGuard role>=10 or ADMIN_TOKEN; RPC service-token only; price exchange root>=100; user role special SetRole,B resource: aliases/direct RPC + scope list/total/detail/bulk/export + fields/deny; P0 source drift check
RPC,admin,/api.admin.v1.AdminService/GetAccountSnapshot,api/admin/v1/admin.proto,AdminService.GetAccountSnapshot,4f181593ae1ff4e6d1f2fcdaee92e52f44125d14db0449635f07ea0c4e70d1f5,mixed,billing.account.read; self/system branch must be separately full-method bound and verify ownership/capability,compose source field permissions; no authority from proxy,each operation registry + each source owner; intersect before aggregate,admin,HTTP newAdminGuard role>=10 or ADMIN_TOKEN; RPC service-token only; price exchange root>=100; user role special SetRole,B resource: aliases/direct RPC + scope list/total/detail/bulk/export + fields/deny; P0 source drift check
RPC,admin,/api.admin.v1.AdminService/GetRedeemCode,api/admin/v1/admin.proto,AdminService.GetRedeemCode,1f95fd10d769abada9f94143d6632af28e36059c76c391b933ac80ecbf3003e7,admin,billing.redemption.read,compose source field permissions; no authority from proxy,each operation registry + each source owner; intersect before aggregate,admin,HTTP newAdminGuard role>=10 or ADMIN_TOKEN; RPC service-token only; price exchange root>=100; user role special SetRole,B resource: aliases/direct RPC + scope list/total/detail/bulk/export + fields/deny; P0 source drift check
RPC,admin,/api.admin.v1.AdminService/GetSystemOptions,api/admin/v1/admin.proto,AdminService.GetSystemOptions,c277249c364ab48dcd9cbe3d8a33c3b7cae814cd4722790ed4dbb7457744616b,admin,system.option.read,compose source field permissions; no authority from proxy,each operation registry + each source owner; intersect before aggregate,admin,HTTP newAdminGuard role>=10 or ADMIN_TOKEN; RPC service-token only; price exchange root>=100; user role special SetRole,B resource: aliases/direct RPC + scope list/total/detail/bulk/export + fields/deny; P0 source drift check
RPC,admin,/api.admin.v1.AdminService/ListChannels,api/admin/v1/admin.proto,AdminService.ListChannels,f2ea998fa12225dec3554c8b52a99069d7a2af5928857cd7ff76330b6fcf44f2,admin,channel.channel.list,compose source field permissions; no authority from proxy,each operation registry + each source owner; intersect before aggregate,admin,HTTP newAdminGuard role>=10 or ADMIN_TOKEN; RPC service-token only; price exchange root>=100; user role special SetRole,B resource: aliases/direct RPC + scope list/total/detail/bulk/export + fields/deny; P0 source drift check
RPC,admin,/api.admin.v1.AdminService/ListLogs,api/admin/v1/admin.proto,AdminService.ListLogs,ad577bbd25cd49dd5474438c54729de121949243f19c2e3809f054ff8a020cf9,admin,"billing.account.ledger.read (legacy ledger RPC, not request logs)",compose source field permissions; no authority from proxy,each operation registry + each source owner; intersect before aggregate,admin,HTTP newAdminGuard role>=10 or ADMIN_TOKEN; RPC service-token only; price exchange root>=100; user role special SetRole,B resource: aliases/direct RPC + scope list/total/detail/bulk/export + fields/deny; P0 source drift check
RPC,admin,/api.admin.v1.AdminService/ListModelRoutings,api/admin/v1/admin.proto,AdminService.ListModelRoutings,922f1b28cde7343788abe06a57f028f7852e922b2cda537cbf15e09974820561,admin,channel.model_routing.read,compose source field permissions; no authority from proxy,each operation registry + each source owner; intersect before aggregate,admin,HTTP newAdminGuard role>=10 or ADMIN_TOKEN; RPC service-token only; price exchange root>=100; user role special SetRole,B resource: aliases/direct RPC + scope list/total/detail/bulk/export + fields/deny; P0 source drift check
RPC,admin,/api.admin.v1.AdminService/ListRedeemCodes,api/admin/v1/admin.proto,AdminService.ListRedeemCodes,676a2eba92c95d07d530db8132712f1f6d2efde036525e716e13eb65e430a51b,admin,billing.redemption.list,compose source field permissions; no authority from proxy,each operation registry + each source owner; intersect before aggregate,admin,HTTP newAdminGuard role>=10 or ADMIN_TOKEN; RPC service-token only; price exchange root>=100; user role special SetRole,B resource: aliases/direct RPC + scope list/total/detail/bulk/export + fields/deny; P0 source drift check
RPC,admin,/api.admin.v1.AdminService/ListSubscriptionAccounts,api/admin/v1/admin.proto,AdminService.ListSubscriptionAccounts,b1b18a49b82992f5d3808b9cbfd0d17880aaf1222a0f07d2ac974ad75c76df44,admin,channel.account.list,compose source field permissions; no authority from proxy,each operation registry + each source owner; intersect before aggregate,admin,HTTP newAdminGuard role>=10 or ADMIN_TOKEN; RPC service-token only; price exchange root>=100; user role special SetRole,B resource: aliases/direct RPC + scope list/total/detail/bulk/export + fields/deny; P0 source drift check
RPC,admin,/api.admin.v1.AdminService/ListUserLedger,api/admin/v1/admin.proto,AdminService.ListUserLedger,4e6ad4874644c0f082f2316455d167fb28e06d9ba6c49378ae1617d38035e2d3,admin,billing.account.ledger.read,compose source field permissions; no authority from proxy,each operation registry + each source owner; intersect before aggregate,admin,HTTP newAdminGuard role>=10 or ADMIN_TOKEN; RPC service-token only; price exchange root>=100; user role special SetRole,B resource: aliases/direct RPC + scope list/total/detail/bulk/export + fields/deny; P0 source drift check
RPC,admin,/api.admin.v1.AdminService/ListUsers,api/admin/v1/admin.proto,AdminService.ListUsers,0a2868638f0d2dac5426e301c3d5c06c2018908f6a988f6915b9cbd6e853f75b,admin,identity.user.list,compose source field permissions; no authority from proxy,each operation registry + each source owner; intersect before aggregate,admin,HTTP newAdminGuard role>=10 or ADMIN_TOKEN; RPC service-token only; price exchange root>=100; user role special SetRole,B resource: aliases/direct RPC + scope list/total/detail/bulk/export + fields/deny; P0 source drift check
RPC,admin,/api.admin.v1.AdminService/ResetSubscriptionAccountQuota,api/admin/v1/admin.proto,AdminService.ResetSubscriptionAccountQuota,403dc5fcae98a33b90063fb4bd2cb45a4f9e5a1c3f91641454b1a4417da48766,admin,channel.account.quota.reset,compose source field permissions; no authority from proxy,each operation registry + each source owner; intersect before aggregate,admin,HTTP newAdminGuard role>=10 or ADMIN_TOKEN; RPC service-token only; price exchange root>=100; user role special SetRole,B resource: aliases/direct RPC + scope list/total/detail/bulk/export + fields/deny; P0 source drift check
RPC,admin,/api.admin.v1.AdminService/ResetUserQuota,api/admin/v1/admin.proto,AdminService.ResetUserQuota,b59419f3c601448c7b5704b64a99da7f9922e771541e6033ebc0e6b9237fce8a,admin,billing.account.balance.reset,compose source field permissions; no authority from proxy,each operation registry + each source owner; intersect before aggregate,admin,HTTP newAdminGuard role>=10 or ADMIN_TOKEN; RPC service-token only; price exchange root>=100; user role special SetRole,B resource: aliases/direct RPC + scope list/total/detail/bulk/export + fields/deny; P0 source drift check
RPC,admin,/api.admin.v1.AdminService/SearchRedeemCodes,api/admin/v1/admin.proto,AdminService.SearchRedeemCodes,5b02a81756cf82fb2c1e0c015fb2e61ee9efd693e283355ce0f82cddf55d64ae,admin,billing.redemption.list,compose source field permissions; no authority from proxy,each operation registry + each source owner; intersect before aggregate,admin,HTTP newAdminGuard role>=10 or ADMIN_TOKEN; RPC service-token only; price exchange root>=100; user role special SetRole,B resource: aliases/direct RPC + scope list/total/detail/bulk/export + fields/deny; P0 source drift check
RPC,admin,/api.admin.v1.AdminService/SetUserRole,api/admin/v1/admin.proto,AdminService.SetUserRole,b4408c73b828236af9db3c99a3fa8c695b8929c1e40700309dbdcfd138a608f0,admin,legacy role write retires; assignment diff: identity.user_role.assign AND/OR identity.user_role.revoke,compose source field permissions; no authority from proxy,each operation registry + each source owner; intersect before aggregate,admin,HTTP newAdminGuard role>=10 or ADMIN_TOKEN; RPC service-token only; price exchange root>=100; user role special SetRole,B resource: aliases/direct RPC + scope list/total/detail/bulk/export + fields/deny; P0 source drift check
RPC,admin,/api.admin.v1.AdminService/TopUpQuota,api/admin/v1/admin.proto,AdminService.TopUpQuota,05647aa07c608bd7f8c7e1f538435cc47dd138bce4535e603430bbce7e02dc6b,mixed,billing.account.balance.adjust; self/system branch must be separately full-method bound and verify ownership/capability,compose source field permissions; no authority from proxy,each operation registry + each source owner; intersect before aggregate,admin,HTTP newAdminGuard role>=10 or ADMIN_TOKEN; RPC service-token only; price exchange root>=100; user role special SetRole,B resource: aliases/direct RPC + scope list/total/detail/bulk/export + fields/deny; P0 source drift check
RPC,admin,/api.admin.v1.AdminService/UpdateChannel,api/admin/v1/admin.proto,AdminService.UpdateChannel,867b1858d24f4b272afb2fab32b9c073f45de2f6c8afa17c00faf0e46a60e6be,admin,channel.channel.update,compose source field permissions; no authority from proxy,each operation registry + each source owner; intersect before aggregate,admin,HTTP newAdminGuard role>=10 or ADMIN_TOKEN; RPC service-token only; price exchange root>=100; user role special SetRole,B resource: aliases/direct RPC + scope list/total/detail/bulk/export + fields/deny; P0 source drift check
RPC,admin,/api.admin.v1.AdminService/UpdateRedeemCode,api/admin/v1/admin.proto,AdminService.UpdateRedeemCode,4b7fd39b0c015e1858981ca9c59b2f0893f05e6f07b785fedc6a339caa9654fc,admin,billing.redemption.update,compose source field permissions; no authority from proxy,each operation registry + each source owner; intersect before aggregate,admin,HTTP newAdminGuard role>=10 or ADMIN_TOKEN; RPC service-token only; price exchange root>=100; user role special SetRole,B resource: aliases/direct RPC + scope list/total/detail/bulk/export + fields/deny; P0 source drift check
RPC,admin,/api.admin.v1.AdminService/UpdateSubscriptionAccount,api/admin/v1/admin.proto,AdminService.UpdateSubscriptionAccount,4cce9fe15c456c53a1798907aeb43a4c38249a9d5ce39ea00e6c3cccefcc69af,admin,channel.account.update,compose source field permissions; no authority from proxy,each operation registry + each source owner; intersect before aggregate,admin,HTTP newAdminGuard role>=10 or ADMIN_TOKEN; RPC service-token only; price exchange root>=100; user role special SetRole,B resource: aliases/direct RPC + scope list/total/detail/bulk/export + fields/deny; P0 source drift check
RPC,admin,/api.admin.v1.AdminService/UpdateSystemOptions,api/admin/v1/admin.proto,AdminService.UpdateSystemOptions,25b0b0ac6272a8f14cd7bfd52314f9bbaa7e6fe8a07dc06e4e19b9e5809877a2,admin,system.option.update + key-specific system.option.security.update/system.option.payment.update/system.option.pricing.update,compose source field permissions; no authority from proxy,each operation registry + each source owner; intersect before aggregate,admin,HTTP newAdminGuard role>=10 or ADMIN_TOKEN; RPC service-token only; price exchange root>=100; user role special SetRole,B resource: aliases/direct RPC + scope list/total/detail/bulk/export + fields/deny; P0 source drift check
RPC,admin,/api.admin.v1.AdminService/UpdateUser,api/admin/v1/admin.proto,AdminService.UpdateUser,b671a467bc07258343d575a7cff2ffdbde2b37f59abb348b9ee5ec1fc7782035,admin,identity.user.update + USER_FIELDS,compose source field permissions; no authority from proxy,each operation registry + each source owner; intersect before aggregate,admin,HTTP newAdminGuard role>=10 or ADMIN_TOKEN; RPC service-token only; price exchange root>=100; user role special SetRole,B resource: aliases/direct RPC + scope list/total/detail/bulk/export + fields/deny; P0 source drift check
RPC,admin,/api.admin.v1.AdminService/UpsertModelRouting,api/admin/v1/admin.proto,AdminService.UpsertModelRouting,f3b0f6f80c3f51e9cfd3279560d5d0da5e23609da8a2db5d3691bf787d485a32,admin,create/update diff: channel.model_routing.create OR channel.model_routing.update,compose source field permissions; no authority from proxy,each operation registry + each source owner; intersect before aggregate,admin,HTTP newAdminGuard role>=10 or ADMIN_TOKEN; RPC service-token only; price exchange root>=100; user role special SetRole,B resource: aliases/direct RPC + scope list/total/detail/bulk/export + fields/deny; P0 source drift check
RPC,billing,/api.billing.v1.BillingService/AggregateLedgerByDate,api/billing/v1/billing.proto,BillingService.AggregateLedgerByDate,74a8f22898e7cccf6aeb9015e2618875830239c9970cb8e0f8449b7ceed73bf4,admin,billing.account.cost.read,"balance, ledger, costs and payment fields separately authorized; amounts owned by billing",all/self/user_ids/resource_ids; routing-policy group facts; orders no inferred group,billing,RPC shared SERVICE_TOKEN; reconciliation HTTP ServiceAuth; payment callback signature; finance invariant applies,B resource: aliases/direct RPC + scope list/total/detail/bulk/export + fields/deny; P0 source drift check
RPC,billing,/api.billing.v1.BillingService/AggregateUsage,api/billing/v1/billing.proto,BillingService.AggregateUsage,af386154cfb76732f1c038bb185c321ed1dcfeaa8d8d4073d55e29ffa9e8cba6,admin,billing.account.cost.read,"balance, ledger, costs and payment fields separately authorized; amounts owned by billing",all/self/user_ids/resource_ids; routing-policy group facts; orders no inferred group,billing,RPC shared SERVICE_TOKEN; reconciliation HTTP ServiceAuth; payment callback signature; finance invariant applies,B resource: aliases/direct RPC + scope list/total/detail/bulk/export + fields/deny; P0 source drift check
RPC,billing,/api.billing.v1.BillingService/BatchGetAccountSnapshots,api/billing/v1/billing.proto,BillingService.BatchGetAccountSnapshots,bd2bee84b1348d82bc522f61a98fdacd7cc1599bb24c11d89d1bd4ca1dcb6a36,mixed,billing.account.read; self/system branch must be separately full-method bound and verify ownership/capability,"balance, ledger, costs and payment fields separately authorized; amounts owned by billing",all/self/user_ids/resource_ids; routing-policy group facts; orders no inferred group,billing,RPC shared SERVICE_TOKEN; reconciliation HTTP ServiceAuth; payment callback signature; finance invariant applies,B resource: aliases/direct RPC + scope list/total/detail/bulk/export + fields/deny; P0 source drift check
RPC,billing,/api.billing.v1.BillingService/CheckRoutingSettlement,api/billing/v1/billing.proto,BillingService.CheckRoutingSettlement,785bf2ecc8b0194ec625dee0d129f585191f0a5e97c8ef7420b39ff99650e967,system,capability: relay/billing settlement; full-method allowlist; shared token insufficient,"balance, ledger, costs and payment fields separately authorized; amounts owned by billing",all/self/user_ids/resource_ids; routing-policy group facts; orders no inferred group,billing,RPC shared SERVICE_TOKEN; reconciliation HTTP ServiceAuth; payment callback signature; finance invariant applies,B0 named service identity + full-method capability; fake actor/caller rejected
RPC,billing,/api.billing.v1.BillingService/ClearUserRoutingPrice,api/billing/v1/billing.proto,BillingService.ClearUserRoutingPrice,6716be549ac9e41a4c0ec7aca3f60acfcef181218515661228fd0008d0e0bae5,admin,billing.routing_policy.user_override.delete,"balance, ledger, costs and payment fields separately authorized; amounts owned by billing",all/self/user_ids/resource_ids; routing-policy group facts; orders no inferred group,billing,RPC shared SERVICE_TOKEN; reconciliation HTTP ServiceAuth; payment callback signature; finance invariant applies,B resource: aliases/direct RPC + scope list/total/detail/bulk/export + fields/deny; P0 source drift check
RPC,billing,/api.billing.v1.BillingService/CommitQuota,api/billing/v1/billing.proto,BillingService.CommitQuota,be08207989c2b2002eac9294c9c17840cd540c776f3a991fac7b094bef3e1c8e,system,capability: relay commit; full-method allowlist; shared token insufficient,"balance, ledger, costs and payment fields separately authorized; amounts owned by billing",all/self/user_ids/resource_ids; routing-policy group facts; orders no inferred group,billing,RPC shared SERVICE_TOKEN; reconciliation HTTP ServiceAuth; payment callback signature; finance invariant applies,B0 named service identity + full-method capability; fake actor/caller rejected
RPC,billing,/api.billing.v1.BillingService/CreatePaymentOrder,api/billing/v1/billing.proto,BillingService.CreatePaymentOrder,bb904760f9e0db4f8c50761bda6d396618b07ad5b9f5dba6c250ba184ae240e3,self,owner/authentication: verified buyer + payment invariant,"balance, ledger, costs and payment fields separately authorized; amounts owned by billing",all/self/user_ids/resource_ids; routing-policy group facts; orders no inferred group,billing,RPC shared SERVICE_TOKEN; reconciliation HTTP ServiceAuth; payment callback signature; finance invariant applies,self verified ownership; no client actor ID; cutover/default-role atomicity
RPC,billing,/api.billing.v1.BillingService/CreateRedeemCode,api/billing/v1/billing.proto,BillingService.CreateRedeemCode,e617d97fa4f858b5a0aac5e8ce374d0a4e4be40d53010650b9ed80e0258aa51e,admin,billing.redemption.create,"balance, ledger, costs and payment fields separately authorized; amounts owned by billing",all/self/user_ids/resource_ids; routing-policy group facts; orders no inferred group,billing,RPC shared SERVICE_TOKEN; reconciliation HTTP ServiceAuth; payment callback signature; finance invariant applies,B resource: aliases/direct RPC + scope list/total/detail/bulk/export + fields/deny; P0 source drift check
RPC,billing,/api.billing.v1.BillingService/CreateRedeemCodesBatch,api/billing/v1/billing.proto,BillingService.CreateRedeemCodesBatch,dafef0e7db53cf48ed1fae3c00b8d99ead51cad61d261d9eaa60aea721fcd606,admin,billing.redemption.batch_create,"balance, ledger, costs and payment fields separately authorized; amounts owned by billing",all/self/user_ids/resource_ids; routing-policy group facts; orders no inferred group,billing,RPC shared SERVICE_TOKEN; reconciliation HTTP ServiceAuth; payment callback signature; finance invariant applies,B resource: aliases/direct RPC + scope list/total/detail/bulk/export + fields/deny; P0 source drift check
RPC,billing,/api.billing.v1.BillingService/DeleteRedeemCode,api/billing/v1/billing.proto,BillingService.DeleteRedeemCode,9ec1902c47899bccc96242cb52a557b2c0ca799f66f1fc10ae81262e15194816,admin,billing.redemption.delete,"balance, ledger, costs and payment fields separately authorized; amounts owned by billing",all/self/user_ids/resource_ids; routing-policy group facts; orders no inferred group,billing,RPC shared SERVICE_TOKEN; reconciliation HTTP ServiceAuth; payment callback signature; finance invariant applies,B resource: aliases/direct RPC + scope list/total/detail/bulk/export + fields/deny; P0 source drift check
RPC,billing,/api.billing.v1.BillingService/ExecuteSubscriptionCommerce,api/billing/v1/billing.proto,BillingService.ExecuteSubscriptionCommerce,608918b14362674b7732af7d7df4557892ed049adee94cdfb0c19cfd8cfaa36f,mixed,admin branch: subscription.user_subscription.assign/change/extend/revoke/quota.reset AND target scope; self purchase/change: owner; verified payment issuance: system capability (explicit command dispatch); self/system branch must be separately full-method bound and verify ownership/capability,"balance, ledger, costs and payment fields separately authorized; amounts owned by billing",all/self/user_ids/resource_ids; routing-policy group facts; orders no inferred group,billing,RPC shared SERVICE_TOKEN; reconciliation HTTP ServiceAuth; payment callback signature; finance invariant applies,B resource: aliases/direct RPC + scope list/total/detail/bulk/export + fields/deny; P0 source drift check
RPC,billing,/api.billing.v1.BillingService/GetAccountSnapshot,api/billing/v1/billing.proto,BillingService.GetAccountSnapshot,fa2bfc7cfb2a6f712073261e7fd58d0fdfdb812e76a7c8b633c0423654202d78,mixed,billing.account.read; self/system branch must be separately full-method bound and verify ownership/capability,"balance, ledger, costs and payment fields separately authorized; amounts owned by billing",all/self/user_ids/resource_ids; routing-policy group facts; orders no inferred group,billing,RPC shared SERVICE_TOKEN; reconciliation HTTP ServiceAuth; payment callback signature; finance invariant applies,B resource: aliases/direct RPC + scope list/total/detail/bulk/export + fields/deny; P0 source drift check
RPC,billing,/api.billing.v1.BillingService/GetLedgerEntry,api/billing/v1/billing.proto,BillingService.GetLedgerEntry,b5b816ef5e691523b53bc624d9a30c5849c5bf28a868201ff7184df11cebac34,admin,billing.account.ledger.read,"balance, ledger, costs and payment fields separately authorized; amounts owned by billing",all/self/user_ids/resource_ids; routing-policy group facts; orders no inferred group,billing,RPC shared SERVICE_TOKEN; reconciliation HTTP ServiceAuth; payment callback signature; finance invariant applies,B resource: aliases/direct RPC + scope list/total/detail/bulk/export + fields/deny; P0 source drift check
RPC,billing,/api.billing.v1.BillingService/GetPaymentOrderByTradeNo,api/billing/v1/billing.proto,BillingService.GetPaymentOrderByTradeNo,ec7494f995ca1c3b712a8d3ff9e164084de72f5c0bd001621bd74092a7c76fad,mixed,billing.payment.read; self/system branch must be separately full-method bound and verify ownership/capability,"balance, ledger, costs and payment fields separately authorized; amounts owned by billing",all/self/user_ids/resource_ids; routing-policy group facts; orders no inferred group,billing,RPC shared SERVICE_TOKEN; reconciliation HTTP ServiceAuth; payment callback signature; finance invariant applies,B resource: aliases/direct RPC + scope list/total/detail/bulk/export + fields/deny; P0 source drift check
RPC,billing,/api.billing.v1.BillingService/GetReconciliationRun,api/billing/v1/billing.proto,BillingService.GetReconciliationRun,0f798572b938f89e94d1798bad91b2db9f2c00b148abc23fee79a7fe13a2134f,admin,billing.reconciliation.read,"balance, ledger, costs and payment fields separately authorized; amounts owned by billing",all/self/user_ids/resource_ids; routing-policy group facts; orders no inferred group,billing,RPC shared SERVICE_TOKEN; reconciliation HTTP ServiceAuth; payment callback signature; finance invariant applies,B resource: aliases/direct RPC + scope list/total/detail/bulk/export + fields/deny; P0 source drift check
RPC,billing,/api.billing.v1.BillingService/GetRedeemCode,api/billing/v1/billing.proto,BillingService.GetRedeemCode,6839b6c9391f5639e894a2f0cf21d1bf447ff5995c21669e1ed76ef9c8a871cd,admin,billing.redemption.read,"balance, ledger, costs and payment fields separately authorized; amounts owned by billing",all/self/user_ids/resource_ids; routing-policy group facts; orders no inferred group,billing,RPC shared SERVICE_TOKEN; reconciliation HTTP ServiceAuth; payment callback signature; finance invariant applies,B resource: aliases/direct RPC + scope list/total/detail/bulk/export + fields/deny; P0 source drift check
RPC,billing,/api.billing.v1.BillingService/GetRoutingBillingPolicy,api/billing/v1/billing.proto,BillingService.GetRoutingBillingPolicy,668426c590d99791adb015e9fa9fc29cc02d823078d8d8b40ca41cb6354e9813,admin,billing.routing_policy.read,"balance, ledger, costs and payment fields separately authorized; amounts owned by billing",all/self/user_ids/resource_ids; routing-policy group facts; orders no inferred group,billing,RPC shared SERVICE_TOKEN; reconciliation HTTP ServiceAuth; payment callback signature; finance invariant applies,B resource: aliases/direct RPC + scope list/total/detail/bulk/export + fields/deny; P0 source drift check
RPC,billing,/api.billing.v1.BillingService/GetRoutingCapabilities,api/billing/v1/billing.proto,BillingService.GetRoutingCapabilities,ab77a79a70cd3dea6f1543469e364262d75f9447c05c9dc2bcdb14da3f42f12f,system,capability: relay capabilities; full-method allowlist; shared token insufficient,"balance, ledger, costs and payment fields separately authorized; amounts owned by billing",all/self/user_ids/resource_ids; routing-policy group facts; orders no inferred group,billing,RPC shared SERVICE_TOKEN; reconciliation HTTP ServiceAuth; payment callback signature; finance invariant applies,B0 named service identity + full-method capability; fake actor/caller rejected
RPC,billing,/api.billing.v1.BillingService/GetRoutingGroupPrice,api/billing/v1/billing.proto,BillingService.GetRoutingGroupPrice,4274640b4a5fb9ccea143a051e51b8fb7c10be73832faa5a5d44b4108a851956,mixed,billing.routing_policy.read; self/system branch must be separately full-method bound and verify ownership/capability,"balance, ledger, costs and payment fields separately authorized; amounts owned by billing",all/self/user_ids/resource_ids; routing-policy group facts; orders no inferred group,billing,RPC shared SERVICE_TOKEN; reconciliation HTTP ServiceAuth; payment callback signature; finance invariant applies,B resource: aliases/direct RPC + scope list/total/detail/bulk/export + fields/deny; P0 source drift check
RPC,billing,/api.billing.v1.BillingService/GetSubscriptionUsage,api/billing/v1/billing.proto,BillingService.GetSubscriptionUsage,5775d65da637f49ed2bfc90b8d01e45a31bc5f401d067f17c79c2a50b613f6e2,self,owner/authentication: verified user/relay routing capability,"balance, ledger, costs and payment fields separately authorized; amounts owned by billing",all/self/user_ids/resource_ids; routing-policy group facts; orders no inferred group,billing,RPC shared SERVICE_TOKEN; reconciliation HTTP ServiceAuth; payment callback signature; finance invariant applies,self verified ownership; no client actor ID; cutover/default-role atomicity
RPC,billing,/api.billing.v1.BillingService/ListLedger,api/billing/v1/billing.proto,BillingService.ListLedger,f740aba8cc94c182d3719f68d640a3f97fe2dfff91e95dfb47621e1d0d1b6511,admin,billing.account.ledger.read,"balance, ledger, costs and payment fields separately authorized; amounts owned by billing",all/self/user_ids/resource_ids; routing-policy group facts; orders no inferred group,billing,RPC shared SERVICE_TOKEN; reconciliation HTTP ServiceAuth; payment callback signature; finance invariant applies,B resource: aliases/direct RPC + scope list/total/detail/bulk/export + fields/deny; P0 source drift check
RPC,billing,/api.billing.v1.BillingService/ListPaymentOrders,api/billing/v1/billing.proto,BillingService.ListPaymentOrders,44af37c1221565a7d05f4c7c654525e2d0c4050c7f952ad0da57f5ec3d6483c1,mixed,billing.payment.list; self/system branch must be separately full-method bound and verify ownership/capability,"balance, ledger, costs and payment fields separately authorized; amounts owned by billing",all/self/user_ids/resource_ids; routing-policy group facts; orders no inferred group,billing,RPC shared SERVICE_TOKEN; reconciliation HTTP ServiceAuth; payment callback signature; finance invariant applies,B resource: aliases/direct RPC + scope list/total/detail/bulk/export + fields/deny; P0 source drift check
RPC,billing,/api.billing.v1.BillingService/ListReconciliationRuns,api/billing/v1/billing.proto,BillingService.ListReconciliationRuns,725aeeb9d4802a8383991a258006405e264b5cea81b7245a1ebd3624ec70487a,admin,billing.reconciliation.read,"balance, ledger, costs and payment fields separately authorized; amounts owned by billing",all/self/user_ids/resource_ids; routing-policy group facts; orders no inferred group,billing,RPC shared SERVICE_TOKEN; reconciliation HTTP ServiceAuth; payment callback signature; finance invariant applies,B resource: aliases/direct RPC + scope list/total/detail/bulk/export + fields/deny; P0 source drift check
RPC,billing,/api.billing.v1.BillingService/ListRedeemCodes,api/billing/v1/billing.proto,BillingService.ListRedeemCodes,93da7468dda5a276439459dc29284d82b553866e78c15cc91557fe0e9d720ffc,admin,billing.redemption.list,"balance, ledger, costs and payment fields separately authorized; amounts owned by billing",all/self/user_ids/resource_ids; routing-policy group facts; orders no inferred group,billing,RPC shared SERVICE_TOKEN; reconciliation HTTP ServiceAuth; payment callback signature; finance invariant applies,B resource: aliases/direct RPC + scope list/total/detail/bulk/export + fields/deny; P0 source drift check
RPC,billing,/api.billing.v1.BillingService/ListRequestAttempts,api/billing/v1/billing.proto,BillingService.ListRequestAttempts,c8121f1dd34f45c8edaedbbc177b6d1aea3089efec2fdc840be702f774a3fa3c,admin,billing.account.cost.read,"balance, ledger, costs and payment fields separately authorized; amounts owned by billing",all/self/user_ids/resource_ids; routing-policy group facts; orders no inferred group,billing,RPC shared SERVICE_TOKEN; reconciliation HTTP ServiceAuth; payment callback signature; finance invariant applies,B resource: aliases/direct RPC + scope list/total/detail/bulk/export + fields/deny; P0 source drift check
RPC,billing,/api.billing.v1.BillingService/MarkPaymentOrderAssetIssued,api/billing/v1/billing.proto,BillingService.MarkPaymentOrderAssetIssued,a1e20ff0623564c49f28b6299fc2a6a7c3f6759e20f06deb3d1f9cfd2c36ebe7,system,capability: subscription-commerce issuance; full-method allowlist; shared token insufficient,"balance, ledger, costs and payment fields separately authorized; amounts owned by billing",all/self/user_ids/resource_ids; routing-policy group facts; orders no inferred group,billing,RPC shared SERVICE_TOKEN; reconciliation HTTP ServiceAuth; payment callback signature; finance invariant applies,B0 named service identity + full-method capability; fake actor/caller rejected
RPC,billing,/api.billing.v1.BillingService/MarkPaymentOrderPaid,api/billing/v1/billing.proto,BillingService.MarkPaymentOrderPaid,8b01698d30fd5f2eff7b6437b7ffcc159e04bf7e5ee118ac98b6ef6391e54f89,system,capability: verified payment callback; full-method allowlist; shared token insufficient,"balance, ledger, costs and payment fields separately authorized; amounts owned by billing",all/self/user_ids/resource_ids; routing-policy group facts; orders no inferred group,billing,RPC shared SERVICE_TOKEN; reconciliation HTTP ServiceAuth; payment callback signature; finance invariant applies,B0 named service identity + full-method capability; fake actor/caller rejected
RPC,billing,/api.billing.v1.BillingService/PublishRoutingBillingPolicy,api/billing/v1/billing.proto,BillingService.PublishRoutingBillingPolicy,2a36906f51e589f0b0888ec2fb930e411a05be7c308c12329ab80a9a6fb3c09a,admin,billing.routing_policy.publish,"balance, ledger, costs and payment fields separately authorized; amounts owned by billing",all/self/user_ids/resource_ids; routing-policy group facts; orders no inferred group,billing,RPC shared SERVICE_TOKEN; reconciliation HTTP ServiceAuth; payment callback signature; finance invariant applies,B resource: aliases/direct RPC + scope list/total/detail/bulk/export + fields/deny; P0 source drift check
RPC,billing,/api.billing.v1.BillingService/PurchaseSubscription,api/billing/v1/billing.proto,BillingService.PurchaseSubscription,bd76765e39e3a7f62b893399cc302072e9761783c5cfb4d175bd3e0e3ca40011,self,owner/authentication: verified buyer + plan/balance invariant,"balance, ledger, costs and payment fields separately authorized; amounts owned by billing",all/self/user_ids/resource_ids; routing-policy group facts; orders no inferred group,billing,RPC shared SERVICE_TOKEN; reconciliation HTTP ServiceAuth; payment callback signature; finance invariant applies,self verified ownership; no client actor ID; cutover/default-role atomicity
RPC,billing,/api.billing.v1.BillingService/RedeemCode,api/billing/v1/billing.proto,BillingService.RedeemCode,377c21780ecfc6e29d7c0ad14ebe2d28caea79ca937dade9d590837de2ee1105,self,owner/authentication: verified buyer + redemption invariant,"balance, ledger, costs and payment fields separately authorized; amounts owned by billing",all/self/user_ids/resource_ids; routing-policy group facts; orders no inferred group,billing,RPC shared SERVICE_TOKEN; reconciliation HTTP ServiceAuth; payment callback signature; finance invariant applies,self verified ownership; no client actor ID; cutover/default-role atomicity
RPC,billing,/api.billing.v1.BillingService/RefundPaymentOrder,api/billing/v1/billing.proto,BillingService.RefundPaymentOrder,9b3688430119ded58ef2e74bdbd292814593d310851398daa79d6af3b4db90c0,admin,billing.payment.refund,"balance, ledger, costs and payment fields separately authorized; amounts owned by billing",all/self/user_ids/resource_ids; routing-policy group facts; orders no inferred group,billing,RPC shared SERVICE_TOKEN; reconciliation HTTP ServiceAuth; payment callback signature; finance invariant applies,B resource: aliases/direct RPC + scope list/total/detail/bulk/export + fields/deny; P0 source drift check
RPC,billing,/api.billing.v1.BillingService/ReleaseQuota,api/billing/v1/billing.proto,BillingService.ReleaseQuota,d9b5b1f583fd5a97eec751218f96b16b41c6b2ad17bb1c8270bf43d2eddfad82,system,capability: relay release; full-method allowlist; shared token insufficient,"balance, ledger, costs and payment fields separately authorized; amounts owned by billing",all/self/user_ids/resource_ids; routing-policy group facts; orders no inferred group,billing,RPC shared SERVICE_TOKEN; reconciliation HTTP ServiceAuth; payment callback signature; finance invariant applies,B0 named service identity + full-method capability; fake actor/caller rejected
RPC,billing,/api.billing.v1.BillingService/ReserveQuota,api/billing/v1/billing.proto,BillingService.ReserveQuota,ab42da67000e7db8fbe737250afa3858eb871ec6f355e5f4deac70d5f650262c,system,capability: relay reserve; full-method allowlist; shared token insufficient,"balance, ledger, costs and payment fields separately authorized; amounts owned by billing",all/self/user_ids/resource_ids; routing-policy group facts; orders no inferred group,billing,RPC shared SERVICE_TOKEN; reconciliation HTTP ServiceAuth; payment callback signature; finance invariant applies,B0 named service identity + full-method capability; fake actor/caller rejected
RPC,billing,/api.billing.v1.BillingService/SearchRedeemCodes,api/billing/v1/billing.proto,BillingService.SearchRedeemCodes,3e72c4153d90d7bffcd0dff36a59701bb6f077fb1b8c9d0b1bb14c175426b4df,admin,billing.redemption.list,"balance, ledger, costs and payment fields separately authorized; amounts owned by billing",all/self/user_ids/resource_ids; routing-policy group facts; orders no inferred group,billing,RPC shared SERVICE_TOKEN; reconciliation HTTP ServiceAuth; payment callback signature; finance invariant applies,B resource: aliases/direct RPC + scope list/total/detail/bulk/export + fields/deny; P0 source drift check
RPC,billing,/api.billing.v1.BillingService/SetUserRoutingPrice,api/billing/v1/billing.proto,BillingService.SetUserRoutingPrice,49d2a5b2d5f623142f47a39ad42878120c05d8490df8639c578f1539e35aa481,admin,billing.routing_policy.user_override.update,"balance, ledger, costs and payment fields separately authorized; amounts owned by billing",all/self/user_ids/resource_ids; routing-policy group facts; orders no inferred group,billing,RPC shared SERVICE_TOKEN; reconciliation HTTP ServiceAuth; payment callback signature; finance invariant applies,B resource: aliases/direct RPC + scope list/total/detail/bulk/export + fields/deny; P0 source drift check
RPC,billing,/api.billing.v1.BillingService/SubscriptionOperationReport,api/billing/v1/billing.proto,BillingService.SubscriptionOperationReport,c832556dc2a02d3db7d890edb2f98a0b7114b749b00dcc72a19e9944ca2e8c99,admin,subscription.user_subscription.report.read,"balance, ledger, costs and payment fields separately authorized; amounts owned by billing",all/self/user_ids/resource_ids; routing-policy group facts; orders no inferred group,billing,RPC shared SERVICE_TOKEN; reconciliation HTTP ServiceAuth; payment callback signature; finance invariant applies,B resource: aliases/direct RPC + scope list/total/detail/bulk/export + fields/deny; P0 source drift check
RPC,billing,/api.billing.v1.BillingService/TopUpQuota,api/billing/v1/billing.proto,BillingService.TopUpQuota,05647aa07c608bd7f8c7e1f538435cc47dd138bce4535e603430bbce7e02dc6b,mixed,billing.account.balance.adjust; self/system branch must be separately full-method bound and verify ownership/capability,"balance, ledger, costs and payment fields separately authorized; amounts owned by billing",all/self/user_ids/resource_ids; routing-policy group facts; orders no inferred group,billing,RPC shared SERVICE_TOKEN; reconciliation HTTP ServiceAuth; payment callback signature; finance invariant applies,B resource: aliases/direct RPC + scope list/total/detail/bulk/export + fields/deny; P0 source drift check
RPC,billing,/api.billing.v1.BillingService/UnmarkPaymentOrderAssetIssued,api/billing/v1/billing.proto,BillingService.UnmarkPaymentOrderAssetIssued,0f7c422614d94096d1628c1a303507a4ab5c53c36168507753d7b6bcd807f39b,system,capability: subscription-commerce rollback; full-method allowlist; shared token insufficient,"balance, ledger, costs and payment fields separately authorized; amounts owned by billing",all/self/user_ids/resource_ids; routing-policy group facts; orders no inferred group,billing,RPC shared SERVICE_TOKEN; reconciliation HTTP ServiceAuth; payment callback signature; finance invariant applies,B0 named service identity + full-method capability; fake actor/caller rejected
RPC,billing,/api.billing.v1.BillingService/UpdateRedeemCode,api/billing/v1/billing.proto,BillingService.UpdateRedeemCode,4b7fd39b0c015e1858981ca9c59b2f0893f05e6f07b785fedc6a339caa9654fc,admin,billing.redemption.update,"balance, ledger, costs and payment fields separately authorized; amounts owned by billing",all/self/user_ids/resource_ids; routing-policy group facts; orders no inferred group,billing,RPC shared SERVICE_TOKEN; reconciliation HTTP ServiceAuth; payment callback signature; finance invariant applies,B resource: aliases/direct RPC + scope list/total/detail/bulk/export + fields/deny; P0 source drift check
RPC,channel,/api.channel.v1.ChannelService/AggregateSubscriptionAccountQuotaEvents,api/channel/v1/channel.proto,ChannelService.AggregateSubscriptionAccountQuotaEvents,abdfe880881e622acaf2cfbfde220449de8a3e8d0355705b2c74b5effebafaf2,system,capability: quota worker aggregation; full-method allowlist; shared token insufficient,key read: channel.channel.secret.read; key write: channel.channel.secret.rotate; status enable/disable separate; group/model mapping before+after facts; credentials/tokens: channel.account.credential.update; OAuth: channel.account.oauth.bind; quota reset: channel.account.quota.reset; recovery channel.account.recovery.clear; raw credentials only relay/refresh capability,all/resource_ids/routing_group_ids per registry (models/aliases no implicit group facts),channel,RPC shared SERVICE_TOKEN; direct OAuth/selector HTTP lacks same user guard (B0/B2 gap),B0 named service identity + full-method capability; fake actor/caller rejected
RPC,channel,/api.channel.v1.ChannelService/BatchModels,api/channel/v1/channel.proto,ChannelService.BatchModels,b2117b05af77a1ee943cb7a0409564836f37699c249448adb3ac25fd3e5ccb30,admin,channel.model.batch_update,key read: channel.channel.secret.read; key write: channel.channel.secret.rotate; status enable/disable separate; group/model mapping before+after facts; credentials/tokens: channel.account.credential.update; OAuth: channel.account.oauth.bind; quota reset: channel.account.quota.reset; recovery channel.account.recovery.clear; raw credentials only relay/refresh capability,all/resource_ids/routing_group_ids per registry (models/aliases no implicit group facts),channel,RPC shared SERVICE_TOKEN; direct OAuth/selector HTTP lacks same user guard (B0/B2 gap),B resource: aliases/direct RPC + scope list/total/detail/bulk/export + fields/deny; P0 source drift check
RPC,channel,/api.channel.v1.ChannelService/CanonicalModelPreflight,api/channel/v1/channel.proto,ChannelService.CanonicalModelPreflight,213d4c0563df3ad430599f3042fb40f921040e2b2a2c62598c88d6f86c1697ea,admin,channel.model.canonical.preflight,key read: channel.channel.secret.read; key write: channel.channel.secret.rotate; status enable/disable separate; group/model mapping before+after facts; credentials/tokens: channel.account.credential.update; OAuth: channel.account.oauth.bind; quota reset: channel.account.quota.reset; recovery channel.account.recovery.clear; raw credentials only relay/refresh capability,all/resource_ids/routing_group_ids per registry (models/aliases no implicit group facts),channel,RPC shared SERVICE_TOKEN; direct OAuth/selector HTTP lacks same user guard (B0/B2 gap),B resource: aliases/direct RPC + scope list/total/detail/bulk/export + fields/deny; P0 source drift check
RPC,channel,/api.channel.v1.ChannelService/ChangeChannelStatus,api/channel/v1/channel.proto,ChannelService.ChangeChannelStatus,ecd83879aad5ad276bc82e8fa1303bdca71d9a12f3f127e62dd95ae31b177679,admin,channel.channel.enable OR channel.channel.disable (status branch),key read: channel.channel.secret.read; key write: channel.channel.secret.rotate; status enable/disable separate; group/model mapping before+after facts; credentials/tokens: channel.account.credential.update; OAuth: channel.account.oauth.bind; quota reset: channel.account.quota.reset; recovery channel.account.recovery.clear; raw credentials only relay/refresh capability,all/resource_ids/routing_group_ids per registry (models/aliases no implicit group facts),channel,RPC shared SERVICE_TOKEN; direct OAuth/selector HTTP lacks same user guard (B0/B2 gap),B resource: aliases/direct RPC + scope list/total/detail/bulk/export + fields/deny; P0 source drift check
RPC,channel,/api.channel.v1.ChannelService/ChangeModelStatus,api/channel/v1/channel.proto,ChannelService.ChangeModelStatus,1ff6c193a7c3d9d73557a2cb1ae9ee72f3e304e3cbc8a6183d52053d95ff947d,admin,channel.model.enable OR channel.model.disable (status branch),key read: channel.channel.secret.read; key write: channel.channel.secret.rotate; status enable/disable separate; group/model mapping before+after facts; credentials/tokens: channel.account.credential.update; OAuth: channel.account.oauth.bind; quota reset: channel.account.quota.reset; recovery channel.account.recovery.clear; raw credentials only relay/refresh capability,all/resource_ids/routing_group_ids per registry (models/aliases no implicit group facts),channel,RPC shared SERVICE_TOKEN; direct OAuth/selector HTTP lacks same user guard (B0/B2 gap),B resource: aliases/direct RPC + scope list/total/detail/bulk/export + fields/deny; P0 source drift check
RPC,channel,/api.channel.v1.ChannelService/ChangeSubscriptionAccountStatus,api/channel/v1/channel.proto,ChannelService.ChangeSubscriptionAccountStatus,02f3baadfbd8b3588a769b1482940f6c45ad48a4734ae7f2252ede8c301e6473,admin,channel.account.enable OR channel.account.disable (status branch),key read: channel.channel.secret.read; key write: channel.channel.secret.rotate; status enable/disable separate; group/model mapping before+after facts; credentials/tokens: channel.account.credential.update; OAuth: channel.account.oauth.bind; quota reset: channel.account.quota.reset; recovery channel.account.recovery.clear; raw credentials only relay/refresh capability,all/resource_ids/routing_group_ids per registry (models/aliases no implicit group facts),channel,RPC shared SERVICE_TOKEN; direct OAuth/selector HTTP lacks same user guard (B0/B2 gap),B resource: aliases/direct RPC + scope list/total/detail/bulk/export + fields/deny; P0 source drift check
RPC,channel,/api.channel.v1.ChannelService/CheckRoute,api/channel/v1/channel.proto,ChannelService.CheckRoute,e627542577540f36fd4d58a78048578cad9320875f13b07a98175acf9819a70a,system,capability: relay route check; full-method allowlist; shared token insufficient,key read: channel.channel.secret.read; key write: channel.channel.secret.rotate; status enable/disable separate; group/model mapping before+after facts; credentials/tokens: channel.account.credential.update; OAuth: channel.account.oauth.bind; quota reset: channel.account.quota.reset; recovery channel.account.recovery.clear; raw credentials only relay/refresh capability,all/resource_ids/routing_group_ids per registry (models/aliases no implicit group facts),channel,RPC shared SERVICE_TOKEN; direct OAuth/selector HTTP lacks same user guard (B0/B2 gap),B0 named service identity + full-method capability; fake actor/caller rejected
RPC,channel,/api.channel.v1.ChannelService/ClaimSubscriptionCredentialRefresh,api/channel/v1/channel.proto,ChannelService.ClaimSubscriptionCredentialRefresh,94899b4133f1b66a85ad8e9e06aa8b0b6b4a2d3e63a04efb6a1d97c7c3e47460,system,capability: account-refresh worker claim; full-method allowlist; shared token insufficient,key read: channel.channel.secret.read; key write: channel.channel.secret.rotate; status enable/disable separate; group/model mapping before+after facts; credentials/tokens: channel.account.credential.update; OAuth: channel.account.oauth.bind; quota reset: channel.account.quota.reset; recovery channel.account.recovery.clear; raw credentials only relay/refresh capability,all/resource_ids/routing_group_ids per registry (models/aliases no implicit group facts),channel,RPC shared SERVICE_TOKEN; direct OAuth/selector HTTP lacks same user guard (B0/B2 gap),B0 named service identity + full-method capability; fake actor/caller rejected
RPC,channel,/api.channel.v1.ChannelService/ClearSubscriptionAccountError,api/channel/v1/channel.proto,ChannelService.ClearSubscriptionAccountError,f62dec8bf9732eaaa6070d57c3a8790a7980cd32ab1b8267fdfa7bb560b5ddea,mixed,channel.account.recovery.clear; self/system branch must be separately full-method bound and verify ownership/capability,key read: channel.channel.secret.read; key write: channel.channel.secret.rotate; status enable/disable separate; group/model mapping before+after facts; credentials/tokens: channel.account.credential.update; OAuth: channel.account.oauth.bind; quota reset: channel.account.quota.reset; recovery channel.account.recovery.clear; raw credentials only relay/refresh capability,all/resource_ids/routing_group_ids per registry (models/aliases no implicit group facts),channel,RPC shared SERVICE_TOKEN; direct OAuth/selector HTTP lacks same user guard (B0/B2 gap),B resource: aliases/direct RPC + scope list/total/detail/bulk/export + fields/deny; P0 source drift check
RPC,channel,/api.channel.v1.ChannelService/ClearTempUnschedulable,api/channel/v1/channel.proto,ChannelService.ClearTempUnschedulable,1f681b0322c965e3668520cdde47f5041d2a32f54486bb664297e91d395f2f6c,mixed,channel.account.recovery.clear; self/system branch must be separately full-method bound and verify ownership/capability,key read: channel.channel.secret.read; key write: channel.channel.secret.rotate; status enable/disable separate; group/model mapping before+after facts; credentials/tokens: channel.account.credential.update; OAuth: channel.account.oauth.bind; quota reset: channel.account.quota.reset; recovery channel.account.recovery.clear; raw credentials only relay/refresh capability,all/resource_ids/routing_group_ids per registry (models/aliases no implicit group facts),channel,RPC shared SERVICE_TOKEN; direct OAuth/selector HTTP lacks same user guard (B0/B2 gap),B resource: aliases/direct RPC + scope list/total/detail/bulk/export + fields/deny; P0 source drift check
RPC,channel,/api.channel.v1.ChannelService/CreateChannel,api/channel/v1/channel.proto,ChannelService.CreateChannel,af20ea3b0e4aad8b6735a00a9986b5e5fb50dcd8e9dba0d21bb910e1d6bf3813,admin,channel.channel.create,key read: channel.channel.secret.read; key write: channel.channel.secret.rotate; status enable/disable separate; group/model mapping before+after facts; credentials/tokens: channel.account.credential.update; OAuth: channel.account.oauth.bind; quota reset: channel.account.quota.reset; recovery channel.account.recovery.clear; raw credentials only relay/refresh capability,all/resource_ids/routing_group_ids per registry (models/aliases no implicit group facts),channel,RPC shared SERVICE_TOKEN; direct OAuth/selector HTTP lacks same user guard (B0/B2 gap),B resource: aliases/direct RPC + scope list/total/detail/bulk/export + fields/deny; P0 source drift check
RPC,channel,/api.channel.v1.ChannelService/CreateModel,api/channel/v1/channel.proto,ChannelService.CreateModel,3f2f59b5fb64d45f41bc30c864db0116fda2dda6499663ab9d0c8d6082154434,admin,channel.model.create,key read: channel.channel.secret.read; key write: channel.channel.secret.rotate; status enable/disable separate; group/model mapping before+after facts; credentials/tokens: channel.account.credential.update; OAuth: channel.account.oauth.bind; quota reset: channel.account.quota.reset; recovery channel.account.recovery.clear; raw credentials only relay/refresh capability,all/resource_ids/routing_group_ids per registry (models/aliases no implicit group facts),channel,RPC shared SERVICE_TOKEN; direct OAuth/selector HTTP lacks same user guard (B0/B2 gap),B resource: aliases/direct RPC + scope list/total/detail/bulk/export + fields/deny; P0 source drift check
RPC,channel,/api.channel.v1.ChannelService/CreateModelAlias,api/channel/v1/channel.proto,ChannelService.CreateModelAlias,9556e68493b29c28c195a40fac9bf3b182ccf746c8fd63bab7c01b666928d2ce,admin,channel.model_alias.create,key read: channel.channel.secret.read; key write: channel.channel.secret.rotate; status enable/disable separate; group/model mapping before+after facts; credentials/tokens: channel.account.credential.update; OAuth: channel.account.oauth.bind; quota reset: channel.account.quota.reset; recovery channel.account.recovery.clear; raw credentials only relay/refresh capability,all/resource_ids/routing_group_ids per registry (models/aliases no implicit group facts),channel,RPC shared SERVICE_TOKEN; direct OAuth/selector HTTP lacks same user guard (B0/B2 gap),B resource: aliases/direct RPC + scope list/total/detail/bulk/export + fields/deny; P0 source drift check
RPC,channel,/api.channel.v1.ChannelService/CreateRoutingGroup,api/channel/v1/channel.proto,ChannelService.CreateRoutingGroup,3a8f9d1796bcda118cef955fe1a3e2c2246b266731af48edda2695946878e209,admin,channel.routing_group.create,key read: channel.channel.secret.read; key write: channel.channel.secret.rotate; status enable/disable separate; group/model mapping before+after facts; credentials/tokens: channel.account.credential.update; OAuth: channel.account.oauth.bind; quota reset: channel.account.quota.reset; recovery channel.account.recovery.clear; raw credentials only relay/refresh capability,all/resource_ids/routing_group_ids per registry (models/aliases no implicit group facts),channel,RPC shared SERVICE_TOKEN; direct OAuth/selector HTTP lacks same user guard (B0/B2 gap),B resource: aliases/direct RPC + scope list/total/detail/bulk/export + fields/deny; P0 source drift check
RPC,channel,/api.channel.v1.ChannelService/CreateSubscriptionAccount,api/channel/v1/channel.proto,ChannelService.CreateSubscriptionAccount,814657a5eb4e1835f927a4c90af894e67e9b709cd862b37461986e61863a0179,admin,channel.account.create,key read: channel.channel.secret.read; key write: channel.channel.secret.rotate; status enable/disable separate; group/model mapping before+after facts; credentials/tokens: channel.account.credential.update; OAuth: channel.account.oauth.bind; quota reset: channel.account.quota.reset; recovery channel.account.recovery.clear; raw credentials only relay/refresh capability,all/resource_ids/routing_group_ids per registry (models/aliases no implicit group facts),channel,RPC shared SERVICE_TOKEN; direct OAuth/selector HTTP lacks same user guard (B0/B2 gap),B resource: aliases/direct RPC + scope list/total/detail/bulk/export + fields/deny; P0 source drift check
RPC,channel,/api.channel.v1.ChannelService/DeleteChannel,api/channel/v1/channel.proto,ChannelService.DeleteChannel,27d74ad75c22406641f2b24c277555ee2a45c9e6774ef3e1c2f1cc817c7ace79,admin,channel.channel.delete,key read: channel.channel.secret.read; key write: channel.channel.secret.rotate; status enable/disable separate; group/model mapping before+after facts; credentials/tokens: channel.account.credential.update; OAuth: channel.account.oauth.bind; quota reset: channel.account.quota.reset; recovery channel.account.recovery.clear; raw credentials only relay/refresh capability,all/resource_ids/routing_group_ids per registry (models/aliases no implicit group facts),channel,RPC shared SERVICE_TOKEN; direct OAuth/selector HTTP lacks same user guard (B0/B2 gap),B resource: aliases/direct RPC + scope list/total/detail/bulk/export + fields/deny; P0 source drift check
RPC,channel,/api.channel.v1.ChannelService/DeleteChannelModelMapping,api/channel/v1/channel.proto,ChannelService.DeleteChannelModelMapping,47a0ca85758f29635e6d8012726592dbeecbf21e1257ce0843eab641ef530dbe,admin,channel.model_mapping.delete,key read: channel.channel.secret.read; key write: channel.channel.secret.rotate; status enable/disable separate; group/model mapping before+after facts; credentials/tokens: channel.account.credential.update; OAuth: channel.account.oauth.bind; quota reset: channel.account.quota.reset; recovery channel.account.recovery.clear; raw credentials only relay/refresh capability,all/resource_ids/routing_group_ids per registry (models/aliases no implicit group facts),channel,RPC shared SERVICE_TOKEN; direct OAuth/selector HTTP lacks same user guard (B0/B2 gap),B resource: aliases/direct RPC + scope list/total/detail/bulk/export + fields/deny; P0 source drift check
RPC,channel,/api.channel.v1.ChannelService/DeleteModel,api/channel/v1/channel.proto,ChannelService.DeleteModel,a6a1d3b9869c6ae04a117d33f5b663c340b0d5fa5f1e8916c4469868e3eb1de9,admin,channel.model.delete,key read: channel.channel.secret.read; key write: channel.channel.secret.rotate; status enable/disable separate; group/model mapping before+after facts; credentials/tokens: channel.account.credential.update; OAuth: channel.account.oauth.bind; quota reset: channel.account.quota.reset; recovery channel.account.recovery.clear; raw credentials only relay/refresh capability,all/resource_ids/routing_group_ids per registry (models/aliases no implicit group facts),channel,RPC shared SERVICE_TOKEN; direct OAuth/selector HTTP lacks same user guard (B0/B2 gap),B resource: aliases/direct RPC + scope list/total/detail/bulk/export + fields/deny; P0 source drift check
RPC,channel,/api.channel.v1.ChannelService/DeleteModelAlias,api/channel/v1/channel.proto,ChannelService.DeleteModelAlias,0ed4b015edbbdbd0a367c07c99035a7ea73635e30f97fcb6b2f7217a84fe5c40,admin,channel.model_alias.delete,key read: channel.channel.secret.read; key write: channel.channel.secret.rotate; status enable/disable separate; group/model mapping before+after facts; credentials/tokens: channel.account.credential.update; OAuth: channel.account.oauth.bind; quota reset: channel.account.quota.reset; recovery channel.account.recovery.clear; raw credentials only relay/refresh capability,all/resource_ids/routing_group_ids per registry (models/aliases no implicit group facts),channel,RPC shared SERVICE_TOKEN; direct OAuth/selector HTTP lacks same user guard (B0/B2 gap),B resource: aliases/direct RPC + scope list/total/detail/bulk/export + fields/deny; P0 source drift check
RPC,channel,/api.channel.v1.ChannelService/DeleteModelRouting,api/channel/v1/channel.proto,ChannelService.DeleteModelRouting,5c2c2fe0ce2195dad15a3323f84a86cf8f5f6994cd18bbbecc57a0b536d81ab4,admin,channel.model_routing.delete,key read: channel.channel.secret.read; key write: channel.channel.secret.rotate; status enable/disable separate; group/model mapping before+after facts; credentials/tokens: channel.account.credential.update; OAuth: channel.account.oauth.bind; quota reset: channel.account.quota.reset; recovery channel.account.recovery.clear; raw credentials only relay/refresh capability,all/resource_ids/routing_group_ids per registry (models/aliases no implicit group facts),channel,RPC shared SERVICE_TOKEN; direct OAuth/selector HTTP lacks same user guard (B0/B2 gap),B resource: aliases/direct RPC + scope list/total/detail/bulk/export + fields/deny; P0 source drift check
RPC,channel,/api.channel.v1.ChannelService/DeleteSubscriptionAccount,api/channel/v1/channel.proto,ChannelService.DeleteSubscriptionAccount,cab76181652d17e5d4837608027baa3179513abbc6cb2ed0c95630af24db0aa3,admin,channel.account.delete,key read: channel.channel.secret.read; key write: channel.channel.secret.rotate; status enable/disable separate; group/model mapping before+after facts; credentials/tokens: channel.account.credential.update; OAuth: channel.account.oauth.bind; quota reset: channel.account.quota.reset; recovery channel.account.recovery.clear; raw credentials only relay/refresh capability,all/resource_ids/routing_group_ids per registry (models/aliases no implicit group facts),channel,RPC shared SERVICE_TOKEN; direct OAuth/selector HTTP lacks same user guard (B0/B2 gap),B resource: aliases/direct RPC + scope list/total/detail/bulk/export + fields/deny; P0 source drift check
RPC,channel,/api.channel.v1.ChannelService/DeleteSubscriptionModelMapping,api/channel/v1/channel.proto,ChannelService.DeleteSubscriptionModelMapping,c48a598fc23a48822f62ed821efe18a5113e12b0fcfaa64793e9238e8a3e3f05,admin,channel.model_mapping.delete,key read: channel.channel.secret.read; key write: channel.channel.secret.rotate; status enable/disable separate; group/model mapping before+after facts; credentials/tokens: channel.account.credential.update; OAuth: channel.account.oauth.bind; quota reset: channel.account.quota.reset; recovery channel.account.recovery.clear; raw credentials only relay/refresh capability,all/resource_ids/routing_group_ids per registry (models/aliases no implicit group facts),channel,RPC shared SERVICE_TOKEN; direct OAuth/selector HTTP lacks same user guard (B0/B2 gap),B resource: aliases/direct RPC + scope list/total/detail/bulk/export + fields/deny; P0 source drift check
RPC,channel,/api.channel.v1.ChannelService/DryRunImportModels,api/channel/v1/channel.proto,ChannelService.DryRunImportModels,0b3b9f2f10fa9d80fc5e9913ebfee703cf88199476f1c344435ee25ca0e074dc,admin,channel.model.import; import_prices=true adds billing.pricing.import (legacy root); dry-run same privilege,key read: channel.channel.secret.read; key write: channel.channel.secret.rotate; status enable/disable separate; group/model mapping before+after facts; credentials/tokens: channel.account.credential.update; OAuth: channel.account.oauth.bind; quota reset: channel.account.quota.reset; recovery channel.account.recovery.clear; raw credentials only relay/refresh capability,all/resource_ids/routing_group_ids per registry (models/aliases no implicit group facts),channel,RPC shared SERVICE_TOKEN; direct OAuth/selector HTTP lacks same user guard (B0/B2 gap),B resource: aliases/direct RPC + scope list/total/detail/bulk/export + fields/deny; P0 source drift check
RPC,channel,/api.channel.v1.ChannelService/ExportModels,api/channel/v1/channel.proto,ChannelService.ExportModels,e3e0c29c0fa615ed1a9d32e6de2fb1b2b2129842ce445f75a56feba5896f6363,admin,channel.model.export; export_prices=true adds billing.pricing.export (legacy root),key read: channel.channel.secret.read; key write: channel.channel.secret.rotate; status enable/disable separate; group/model mapping before+after facts; credentials/tokens: channel.account.credential.update; OAuth: channel.account.oauth.bind; quota reset: channel.account.quota.reset; recovery channel.account.recovery.clear; raw credentials only relay/refresh capability,all/resource_ids/routing_group_ids per registry (models/aliases no implicit group facts),channel,RPC shared SERVICE_TOKEN; direct OAuth/selector HTTP lacks same user guard (B0/B2 gap),B resource: aliases/direct RPC + scope list/total/detail/bulk/export + fields/deny; P0 source drift check
RPC,channel,/api.channel.v1.ChannelService/GetChannel,api/channel/v1/channel.proto,ChannelService.GetChannel,1bf907db797175997fa58f2843e94fdeecc013b2bf2307dd400a5d38585f0570,mixed,channel.channel.read; self/system branch must be separately full-method bound and verify ownership/capability,key read: channel.channel.secret.read; key write: channel.channel.secret.rotate; status enable/disable separate; group/model mapping before+after facts; credentials/tokens: channel.account.credential.update; OAuth: channel.account.oauth.bind; quota reset: channel.account.quota.reset; recovery channel.account.recovery.clear; raw credentials only relay/refresh capability,all/resource_ids/routing_group_ids per registry (models/aliases no implicit group facts),channel,RPC shared SERVICE_TOKEN; direct OAuth/selector HTTP lacks same user guard (B0/B2 gap),B resource: aliases/direct RPC + scope list/total/detail/bulk/export + fields/deny; P0 source drift check
RPC,channel,/api.channel.v1.ChannelService/GetModel,api/channel/v1/channel.proto,ChannelService.GetModel,74b8eb56d447fe1973e5df7137298d5ca7d61b090c50e5841b51f9945cc950a2,admin,channel.model.read,key read: channel.channel.secret.read; key write: channel.channel.secret.rotate; status enable/disable separate; group/model mapping before+after facts; credentials/tokens: channel.account.credential.update; OAuth: channel.account.oauth.bind; quota reset: channel.account.quota.reset; recovery channel.account.recovery.clear; raw credentials only relay/refresh capability,all/resource_ids/routing_group_ids per registry (models/aliases no implicit group facts),channel,RPC shared SERVICE_TOKEN; direct OAuth/selector HTTP lacks same user guard (B0/B2 gap),B resource: aliases/direct RPC + scope list/total/detail/bulk/export + fields/deny; P0 source drift check
RPC,channel,/api.channel.v1.ChannelService/GetRoutingGroup,api/channel/v1/channel.proto,ChannelService.GetRoutingGroup,7925e4768a825957111565783926ab92ab2a1fd7275c03c1810d75537c3dbb47,mixed,channel.routing_group.read; self/system branch must be separately full-method bound and verify ownership/capability,key read: channel.channel.secret.read; key write: channel.channel.secret.rotate; status enable/disable separate; group/model mapping before+after facts; credentials/tokens: channel.account.credential.update; OAuth: channel.account.oauth.bind; quota reset: channel.account.quota.reset; recovery channel.account.recovery.clear; raw credentials only relay/refresh capability,all/resource_ids/routing_group_ids per registry (models/aliases no implicit group facts),channel,RPC shared SERVICE_TOKEN; direct OAuth/selector HTTP lacks same user guard (B0/B2 gap),B resource: aliases/direct RPC + scope list/total/detail/bulk/export + fields/deny; P0 source drift check
RPC,channel,/api.channel.v1.ChannelService/GetSubscriptionAccount,api/channel/v1/channel.proto,ChannelService.GetSubscriptionAccount,c3f5fd2965d34ad0623bde56afd484cc20cde9e394431c3ded5353a81b4caee3,mixed,channel.account.read; self/system branch must be separately full-method bound and verify ownership/capability,key read: channel.channel.secret.read; key write: channel.channel.secret.rotate; status enable/disable separate; group/model mapping before+after facts; credentials/tokens: channel.account.credential.update; OAuth: channel.account.oauth.bind; quota reset: channel.account.quota.reset; recovery channel.account.recovery.clear; raw credentials only relay/refresh capability,all/resource_ids/routing_group_ids per registry (models/aliases no implicit group facts),channel,RPC shared SERVICE_TOKEN; direct OAuth/selector HTTP lacks same user guard (B0/B2 gap),B resource: aliases/direct RPC + scope list/total/detail/bulk/export + fields/deny; P0 source drift check
RPC,channel,/api.channel.v1.ChannelService/GetSubscriptionAccountWithSecrets,api/channel/v1/channel.proto,ChannelService.GetSubscriptionAccountWithSecrets,e9e2bb85aef2849dc4c54e14de90c0949ae70cec3477e933c93857c271e9eeb7,system,capability: relay/account-refresh secrets; full-method allowlist; shared token insufficient,key read: channel.channel.secret.read; key write: channel.channel.secret.rotate; status enable/disable separate; group/model mapping before+after facts; credentials/tokens: channel.account.credential.update; OAuth: channel.account.oauth.bind; quota reset: channel.account.quota.reset; recovery channel.account.recovery.clear; raw credentials only relay/refresh capability,all/resource_ids/routing_group_ids per registry (models/aliases no implicit group facts),channel,RPC shared SERVICE_TOKEN; direct OAuth/selector HTTP lacks same user guard (B0/B2 gap),B0 named service identity + full-method capability; fake actor/caller rejected
RPC,channel,/api.channel.v1.ChannelService/HasRoutingCandidates,api/channel/v1/channel.proto,ChannelService.HasRoutingCandidates,ed28a8289378e9e7470daf01dc3d2d53c5f4040c3e661cf0131f59f8ec376be5,system,capability: relay routing candidates; full-method allowlist; shared token insufficient,key read: channel.channel.secret.read; key write: channel.channel.secret.rotate; status enable/disable separate; group/model mapping before+after facts; credentials/tokens: channel.account.credential.update; OAuth: channel.account.oauth.bind; quota reset: channel.account.quota.reset; recovery channel.account.recovery.clear; raw credentials only relay/refresh capability,all/resource_ids/routing_group_ids per registry (models/aliases no implicit group facts),channel,RPC shared SERVICE_TOKEN; direct OAuth/selector HTTP lacks same user guard (B0/B2 gap),B0 named service identity + full-method capability; fake actor/caller rejected
RPC,channel,/api.channel.v1.ChannelService/ImportModels,api/channel/v1/channel.proto,ChannelService.ImportModels,ed4d6f33c4867c1f68486dcbb160f59c54e4f1f40d77ec3f245a2b0b7bf0ad70,admin,channel.model.import; import_prices=true adds billing.pricing.import (legacy root); dry-run same privilege,key read: channel.channel.secret.read; key write: channel.channel.secret.rotate; status enable/disable separate; group/model mapping before+after facts; credentials/tokens: channel.account.credential.update; OAuth: channel.account.oauth.bind; quota reset: channel.account.quota.reset; recovery channel.account.recovery.clear; raw credentials only relay/refresh capability,all/resource_ids/routing_group_ids per registry (models/aliases no implicit group facts),channel,RPC shared SERVICE_TOKEN; direct OAuth/selector HTTP lacks same user guard (B0/B2 gap),B resource: aliases/direct RPC + scope list/total/detail/bulk/export + fields/deny; P0 source drift check
RPC,channel,/api.channel.v1.ChannelService/ListAvailableModels,api/channel/v1/channel.proto,ChannelService.ListAvailableModels,811daa0a5ea6aeeb8b53d64d37c22bca8b47e8b00014fbf97910cc856d64a3ca,self,owner/authentication: API key/session routing eligibility (no channel secrets),key read: channel.channel.secret.read; key write: channel.channel.secret.rotate; status enable/disable separate; group/model mapping before+after facts; credentials/tokens: channel.account.credential.update; OAuth: channel.account.oauth.bind; quota reset: channel.account.quota.reset; recovery channel.account.recovery.clear; raw credentials only relay/refresh capability,all/resource_ids/routing_group_ids per registry (models/aliases no implicit group facts),channel,RPC shared SERVICE_TOKEN; direct OAuth/selector HTTP lacks same user guard (B0/B2 gap),self verified ownership; no client actor ID; cutover/default-role atomicity
RPC,channel,/api.channel.v1.ChannelService/ListChannelModelMappings,api/channel/v1/channel.proto,ChannelService.ListChannelModelMappings,2313422a42b9a4a7e89a48b4ab02d7a452610f3df39ef6b8ce73b2c1cc53f59d,admin,channel.model_mapping.read,key read: channel.channel.secret.read; key write: channel.channel.secret.rotate; status enable/disable separate; group/model mapping before+after facts; credentials/tokens: channel.account.credential.update; OAuth: channel.account.oauth.bind; quota reset: channel.account.quota.reset; recovery channel.account.recovery.clear; raw credentials only relay/refresh capability,all/resource_ids/routing_group_ids per registry (models/aliases no implicit group facts),channel,RPC shared SERVICE_TOKEN; direct OAuth/selector HTTP lacks same user guard (B0/B2 gap),B resource: aliases/direct RPC + scope list/total/detail/bulk/export + fields/deny; P0 source drift check
RPC,channel,/api.channel.v1.ChannelService/ListChannels,api/channel/v1/channel.proto,ChannelService.ListChannels,57313a79a1f3c9b4b23dc33e3f48170c6489295f05904e3e6362b409d1677fba,admin,channel.channel.list,key read: channel.channel.secret.read; key write: channel.channel.secret.rotate; status enable/disable separate; group/model mapping before+after facts; credentials/tokens: channel.account.credential.update; OAuth: channel.account.oauth.bind; quota reset: channel.account.quota.reset; recovery channel.account.recovery.clear; raw credentials only relay/refresh capability,all/resource_ids/routing_group_ids per registry (models/aliases no implicit group facts),channel,RPC shared SERVICE_TOKEN; direct OAuth/selector HTTP lacks same user guard (B0/B2 gap),B resource: aliases/direct RPC + scope list/total/detail/bulk/export + fields/deny; P0 source drift check
RPC,channel,/api.channel.v1.ChannelService/ListModelAliases,api/channel/v1/channel.proto,ChannelService.ListModelAliases,9b5f2c48eb8e60edb4564b884f2b7a0e95b99a1db8ceb63f5d718b7a54ec1b2b,admin,channel.model_alias.read,key read: channel.channel.secret.read; key write: channel.channel.secret.rotate; status enable/disable separate; group/model mapping before+after facts; credentials/tokens: channel.account.credential.update; OAuth: channel.account.oauth.bind; quota reset: channel.account.quota.reset; recovery channel.account.recovery.clear; raw credentials only relay/refresh capability,all/resource_ids/routing_group_ids per registry (models/aliases no implicit group facts),channel,RPC shared SERVICE_TOKEN; direct OAuth/selector HTTP lacks same user guard (B0/B2 gap),B resource: aliases/direct RPC + scope list/total/detail/bulk/export + fields/deny; P0 source drift check
RPC,channel,/api.channel.v1.ChannelService/ListModelHealth,api/channel/v1/channel.proto,ChannelService.ListModelHealth,3c992c4dd6240b20435dadb1baf20941bf390fb8c039adbb62948a2949feec75,admin,monitor.health.model.read,key read: channel.channel.secret.read; key write: channel.channel.secret.rotate; status enable/disable separate; group/model mapping before+after facts; credentials/tokens: channel.account.credential.update; OAuth: channel.account.oauth.bind; quota reset: channel.account.quota.reset; recovery channel.account.recovery.clear; raw credentials only relay/refresh capability,all/resource_ids/routing_group_ids per registry (models/aliases no implicit group facts),channel,RPC shared SERVICE_TOKEN; direct OAuth/selector HTTP lacks same user guard (B0/B2 gap),B resource: aliases/direct RPC + scope list/total/detail/bulk/export + fields/deny; P0 source drift check
RPC,channel,/api.channel.v1.ChannelService/ListModelRoutings,api/channel/v1/channel.proto,ChannelService.ListModelRoutings,f29b92c0d0ad049f724205b42a67dd44a047af2dff77be99368b11db8a5e1cc2,admin,channel.model_routing.read,key read: channel.channel.secret.read; key write: channel.channel.secret.rotate; status enable/disable separate; group/model mapping before+after facts; credentials/tokens: channel.account.credential.update; OAuth: channel.account.oauth.bind; quota reset: channel.account.quota.reset; recovery channel.account.recovery.clear; raw credentials only relay/refresh capability,all/resource_ids/routing_group_ids per registry (models/aliases no implicit group facts),channel,RPC shared SERVICE_TOKEN; direct OAuth/selector HTTP lacks same user guard (B0/B2 gap),B resource: aliases/direct RPC + scope list/total/detail/bulk/export + fields/deny; P0 source drift check
RPC,channel,/api.channel.v1.ChannelService/ListModelUsageStats,api/channel/v1/channel.proto,ChannelService.ListModelUsageStats,629ef3e8baae2d2ede63b7db4ee9a7d06fc5d408d8cf5fc1d5d31b8cb9b0c2d4,admin,channel.model_usage.read,key read: channel.channel.secret.read; key write: channel.channel.secret.rotate; status enable/disable separate; group/model mapping before+after facts; credentials/tokens: channel.account.credential.update; OAuth: channel.account.oauth.bind; quota reset: channel.account.quota.reset; recovery channel.account.recovery.clear; raw credentials only relay/refresh capability,all/resource_ids/routing_group_ids per registry (models/aliases no implicit group facts),channel,RPC shared SERVICE_TOKEN; direct OAuth/selector HTTP lacks same user guard (B0/B2 gap),B resource: aliases/direct RPC + scope list/total/detail/bulk/export + fields/deny; P0 source drift check
RPC,channel,/api.channel.v1.ChannelService/ListModels,api/channel/v1/channel.proto,ChannelService.ListModels,9ca96196881021bec5f1e282c5b8fe319d8014a7834322ea2d679590848df554,mixed,channel.model.list; self/system branch must be separately full-method bound and verify ownership/capability,key read: channel.channel.secret.read; key write: channel.channel.secret.rotate; status enable/disable separate; group/model mapping before+after facts; credentials/tokens: channel.account.credential.update; OAuth: channel.account.oauth.bind; quota reset: channel.account.quota.reset; recovery channel.account.recovery.clear; raw credentials only relay/refresh capability,all/resource_ids/routing_group_ids per registry (models/aliases no implicit group facts),channel,RPC shared SERVICE_TOKEN; direct OAuth/selector HTTP lacks same user guard (B0/B2 gap),B resource: aliases/direct RPC + scope list/total/detail/bulk/export + fields/deny; P0 source drift check
RPC,channel,/api.channel.v1.ChannelService/ListOAuthRefreshCandidates,api/channel/v1/channel.proto,ChannelService.ListOAuthRefreshCandidates,12f72a479d0fb51bd03a9d73b67d7b6529dd6563d332530344cda318be2bf37a,system,capability: account-refresh worker credentials; full-method allowlist; shared token insufficient,key read: channel.channel.secret.read; key write: channel.channel.secret.rotate; status enable/disable separate; group/model mapping before+after facts; credentials/tokens: channel.account.credential.update; OAuth: channel.account.oauth.bind; quota reset: channel.account.quota.reset; recovery channel.account.recovery.clear; raw credentials only relay/refresh capability,all/resource_ids/routing_group_ids per registry (models/aliases no implicit group facts),channel,RPC shared SERVICE_TOKEN; direct OAuth/selector HTTP lacks same user guard (B0/B2 gap),B0 named service identity + full-method capability; fake actor/caller rejected
RPC,channel,/api.channel.v1.ChannelService/ListRoutingGroups,api/channel/v1/channel.proto,ChannelService.ListRoutingGroups,429a3777b8764d4700f5ee491143cf56b71cad4b96587124033a0f53e64cc145,mixed,channel.routing_group.list; self/system branch must be separately full-method bound and verify ownership/capability,key read: channel.channel.secret.read; key write: channel.channel.secret.rotate; status enable/disable separate; group/model mapping before+after facts; credentials/tokens: channel.account.credential.update; OAuth: channel.account.oauth.bind; quota reset: channel.account.quota.reset; recovery channel.account.recovery.clear; raw credentials only relay/refresh capability,all/resource_ids/routing_group_ids per registry (models/aliases no implicit group facts),channel,RPC shared SERVICE_TOKEN; direct OAuth/selector HTTP lacks same user guard (B0/B2 gap),B resource: aliases/direct RPC + scope list/total/detail/bulk/export + fields/deny; P0 source drift check
RPC,channel,/api.channel.v1.ChannelService/ListSubscriptionAccounts,api/channel/v1/channel.proto,ChannelService.ListSubscriptionAccounts,59a2923554b3dbc763e1ce28cabc779a487cb9bbd73a1641bdd3a7822dd520a3,admin,channel.account.list,key read: channel.channel.secret.read; key write: channel.channel.secret.rotate; status enable/disable separate; group/model mapping before+after facts; credentials/tokens: channel.account.credential.update; OAuth: channel.account.oauth.bind; quota reset: channel.account.quota.reset; recovery channel.account.recovery.clear; raw credentials only relay/refresh capability,all/resource_ids/routing_group_ids per registry (models/aliases no implicit group facts),channel,RPC shared SERVICE_TOKEN; direct OAuth/selector HTTP lacks same user guard (B0/B2 gap),B resource: aliases/direct RPC + scope list/total/detail/bulk/export + fields/deny; P0 source drift check
RPC,channel,/api.channel.v1.ChannelService/ListSubscriptionModelMappings,api/channel/v1/channel.proto,ChannelService.ListSubscriptionModelMappings,813c6149b969a27a1592540e10c42d892b45a38c653fd77e4226a0869ace3130,admin,channel.model_mapping.read,key read: channel.channel.secret.read; key write: channel.channel.secret.rotate; status enable/disable separate; group/model mapping before+after facts; credentials/tokens: channel.account.credential.update; OAuth: channel.account.oauth.bind; quota reset: channel.account.quota.reset; recovery channel.account.recovery.clear; raw credentials only relay/refresh capability,all/resource_ids/routing_group_ids per registry (models/aliases no implicit group facts),channel,RPC shared SERVICE_TOKEN; direct OAuth/selector HTTP lacks same user guard (B0/B2 gap),B resource: aliases/direct RPC + scope list/total/detail/bulk/export + fields/deny; P0 source drift check
RPC,channel,/api.channel.v1.ChannelService/ListUnpricedRoutedModels,api/channel/v1/channel.proto,ChannelService.ListUnpricedRoutedModels,98fbd8599a1a95ccf37321aee6d58f59db3b1bf41bc22e00f0fc41183f621b57,admin,channel.model.list AND billing.pricing.read,key read: channel.channel.secret.read; key write: channel.channel.secret.rotate; status enable/disable separate; group/model mapping before+after facts; credentials/tokens: channel.account.credential.update; OAuth: channel.account.oauth.bind; quota reset: channel.account.quota.reset; recovery channel.account.recovery.clear; raw credentials only relay/refresh capability,all/resource_ids/routing_group_ids per registry (models/aliases no implicit group facts),channel,RPC shared SERVICE_TOKEN; direct OAuth/selector HTTP lacks same user guard (B0/B2 gap),B resource: aliases/direct RPC + scope list/total/detail/bulk/export + fields/deny; P0 source drift check
RPC,channel,/api.channel.v1.ChannelService/ListUsageSemanticBlocks,api/channel/v1/channel.proto,ChannelService.ListUsageSemanticBlocks,3af2056d84b5768e28c5fd0938a9c29f92e50ce6c2fb0e41018ce45f677df49c,admin,channel.usage_semantic_block.list,key read: channel.channel.secret.read; key write: channel.channel.secret.rotate; status enable/disable separate; group/model mapping before+after facts; credentials/tokens: channel.account.credential.update; OAuth: channel.account.oauth.bind; quota reset: channel.account.quota.reset; recovery channel.account.recovery.clear; raw credentials only relay/refresh capability,all/resource_ids/routing_group_ids per registry (models/aliases no implicit group facts),channel,RPC shared SERVICE_TOKEN; direct OAuth/selector HTTP lacks same user guard (B0/B2 gap),B resource: aliases/direct RPC + scope list/total/detail/bulk/export + fields/deny; P0 source drift check
RPC,channel,/api.channel.v1.ChannelService/MergeCanonicalModels,api/channel/v1/channel.proto,ChannelService.MergeCanonicalModels,e096ebcb8eff1e21412f8bff78050a63b7a6d6c381cf32ef48e5bd6a4895639b,admin,channel.model.canonical.merge,key read: channel.channel.secret.read; key write: channel.channel.secret.rotate; status enable/disable separate; group/model mapping before+after facts; credentials/tokens: channel.account.credential.update; OAuth: channel.account.oauth.bind; quota reset: channel.account.quota.reset; recovery channel.account.recovery.clear; raw credentials only relay/refresh capability,all/resource_ids/routing_group_ids per registry (models/aliases no implicit group facts),channel,RPC shared SERVICE_TOKEN; direct OAuth/selector HTTP lacks same user guard (B0/B2 gap),B resource: aliases/direct RPC + scope list/total/detail/bulk/export + fields/deny; P0 source drift check
RPC,channel,/api.channel.v1.ChannelService/RecordAccountQuotaSnapshot,api/channel/v1/channel.proto,ChannelService.RecordAccountQuotaSnapshot,4d8e66630e22733ee533160a9ab3775cd8c83f6510f54293fdd9eb4bb84a43a2,system,capability: account-refresh worker snapshot; full-method allowlist; shared token insufficient,key read: channel.channel.secret.read; key write: channel.channel.secret.rotate; status enable/disable separate; group/model mapping before+after facts; credentials/tokens: channel.account.credential.update; OAuth: channel.account.oauth.bind; quota reset: channel.account.quota.reset; recovery channel.account.recovery.clear; raw credentials only relay/refresh capability,all/resource_ids/routing_group_ids per registry (models/aliases no implicit group facts),channel,RPC shared SERVICE_TOKEN; direct OAuth/selector HTTP lacks same user guard (B0/B2 gap),B0 named service identity + full-method capability; fake actor/caller rejected
RPC,channel,/api.channel.v1.ChannelService/RecordChannelHealth,api/channel/v1/channel.proto,ChannelService.RecordChannelHealth,1a81cd0d6782662ea1e8760082e11f61a927152ab5d9a63ba676a109f43b71a0,system,capability: relay/monitor health; full-method allowlist; shared token insufficient,key read: channel.channel.secret.read; key write: channel.channel.secret.rotate; status enable/disable separate; group/model mapping before+after facts; credentials/tokens: channel.account.credential.update; OAuth: channel.account.oauth.bind; quota reset: channel.account.quota.reset; recovery channel.account.recovery.clear; raw credentials only relay/refresh capability,all/resource_ids/routing_group_ids per registry (models/aliases no implicit group facts),channel,RPC shared SERVICE_TOKEN; direct OAuth/selector HTTP lacks same user guard (B0/B2 gap),B0 named service identity + full-method capability; fake actor/caller rejected
RPC,channel,/api.channel.v1.ChannelService/RecordChannelUsage,api/channel/v1/channel.proto,ChannelService.RecordChannelUsage,26ea9159217bb5591bdd67adb6b2f49f65a714dac665636dbb66b377d9535a1f,system,capability: relay usage; full-method allowlist; shared token insufficient,key read: channel.channel.secret.read; key write: channel.channel.secret.rotate; status enable/disable separate; group/model mapping before+after facts; credentials/tokens: channel.account.credential.update; OAuth: channel.account.oauth.bind; quota reset: channel.account.quota.reset; recovery channel.account.recovery.clear; raw credentials only relay/refresh capability,all/resource_ids/routing_group_ids per registry (models/aliases no implicit group facts),channel,RPC shared SERVICE_TOKEN; direct OAuth/selector HTTP lacks same user guard (B0/B2 gap),B0 named service identity + full-method capability; fake actor/caller rejected
RPC,channel,/api.channel.v1.ChannelService/RecordModelHealth,api/channel/v1/channel.proto,ChannelService.RecordModelHealth,01f0668c121c5d3abc2d865620a86ac177b46e63562b50802ca387dbd1547a07,system,capability: relay/monitor health; full-method allowlist; shared token insufficient,key read: channel.channel.secret.read; key write: channel.channel.secret.rotate; status enable/disable separate; group/model mapping before+after facts; credentials/tokens: channel.account.credential.update; OAuth: channel.account.oauth.bind; quota reset: channel.account.quota.reset; recovery channel.account.recovery.clear; raw credentials only relay/refresh capability,all/resource_ids/routing_group_ids per registry (models/aliases no implicit group facts),channel,RPC shared SERVICE_TOKEN; direct OAuth/selector HTTP lacks same user guard (B0/B2 gap),B0 named service identity + full-method capability; fake actor/caller rejected
RPC,channel,/api.channel.v1.ChannelService/RecordModelUsage,api/channel/v1/channel.proto,ChannelService.RecordModelUsage,7708367b4af40cd47740fe22a092b5db85829ffbd00c601facbd1dad163f5578,system,capability: relay usage; full-method allowlist; shared token insufficient,key read: channel.channel.secret.read; key write: channel.channel.secret.rotate; status enable/disable separate; group/model mapping before+after facts; credentials/tokens: channel.account.credential.update; OAuth: channel.account.oauth.bind; quota reset: channel.account.quota.reset; recovery channel.account.recovery.clear; raw credentials only relay/refresh capability,all/resource_ids/routing_group_ids per registry (models/aliases no implicit group facts),channel,RPC shared SERVICE_TOKEN; direct OAuth/selector HTTP lacks same user guard (B0/B2 gap),B0 named service identity + full-method capability; fake actor/caller rejected
RPC,channel,/api.channel.v1.ChannelService/RecordSubscriptionAccountHealth,api/channel/v1/channel.proto,ChannelService.RecordSubscriptionAccountHealth,0701dbc3802b2ce13c44c64d064a6d6bf40b6ba19d94f7249a56d48fbc4e6a46,system,capability: relay/monitor health; full-method allowlist; shared token insufficient,key read: channel.channel.secret.read; key write: channel.channel.secret.rotate; status enable/disable separate; group/model mapping before+after facts; credentials/tokens: channel.account.credential.update; OAuth: channel.account.oauth.bind; quota reset: channel.account.quota.reset; recovery channel.account.recovery.clear; raw credentials only relay/refresh capability,all/resource_ids/routing_group_ids per registry (models/aliases no implicit group facts),channel,RPC shared SERVICE_TOKEN; direct OAuth/selector HTTP lacks same user guard (B0/B2 gap),B0 named service identity + full-method capability; fake actor/caller rejected
RPC,channel,/api.channel.v1.ChannelService/RecordSubscriptionAccountQuotaUsage,api/channel/v1/channel.proto,ChannelService.RecordSubscriptionAccountQuotaUsage,a9752f6870f32d2bd44e8e2d5542853677870a86e88b9abc90bcd3900bab39d5,system,capability: relay quota usage; full-method allowlist; shared token insufficient,key read: channel.channel.secret.read; key write: channel.channel.secret.rotate; status enable/disable separate; group/model mapping before+after facts; credentials/tokens: channel.account.credential.update; OAuth: channel.account.oauth.bind; quota reset: channel.account.quota.reset; recovery channel.account.recovery.clear; raw credentials only relay/refresh capability,all/resource_ids/routing_group_ids per registry (models/aliases no implicit group facts),channel,RPC shared SERVICE_TOKEN; direct OAuth/selector HTTP lacks same user guard (B0/B2 gap),B0 named service identity + full-method capability; fake actor/caller rejected
RPC,channel,/api.channel.v1.ChannelService/RecordSubscriptionAccountSlot,api/channel/v1/channel.proto,ChannelService.RecordSubscriptionAccountSlot,462325421682098f3f8d8df39405654ab22d2791ceddd8763a7bd46d633d6abe,system,capability: relay concurrency slot; full-method allowlist; shared token insufficient,key read: channel.channel.secret.read; key write: channel.channel.secret.rotate; status enable/disable separate; group/model mapping before+after facts; credentials/tokens: channel.account.credential.update; OAuth: channel.account.oauth.bind; quota reset: channel.account.quota.reset; recovery channel.account.recovery.clear; raw credentials only relay/refresh capability,all/resource_ids/routing_group_ids per registry (models/aliases no implicit group facts),channel,RPC shared SERVICE_TOKEN; direct OAuth/selector HTTP lacks same user guard (B0/B2 gap),B0 named service identity + full-method capability; fake actor/caller rejected
RPC,channel,/api.channel.v1.ChannelService/RecordUsageSemanticVerdict,api/channel/v1/channel.proto,ChannelService.RecordUsageSemanticVerdict,bdb458c9254856b19c83a185cbe8e8a39d44461bbfbf994cad93fa36d310b2b1,system,capability: relay usage validation; full-method allowlist; shared token insufficient,key read: channel.channel.secret.read; key write: channel.channel.secret.rotate; status enable/disable separate; group/model mapping before+after facts; credentials/tokens: channel.account.credential.update; OAuth: channel.account.oauth.bind; quota reset: channel.account.quota.reset; recovery channel.account.recovery.clear; raw credentials only relay/refresh capability,all/resource_ids/routing_group_ids per registry (models/aliases no implicit group facts),channel,RPC shared SERVICE_TOKEN; direct OAuth/selector HTTP lacks same user guard (B0/B2 gap),B0 named service identity + full-method capability; fake actor/caller rejected
RPC,channel,/api.channel.v1.ChannelService/ResetSubscriptionAccountQuota,api/channel/v1/channel.proto,ChannelService.ResetSubscriptionAccountQuota,fde1f08efee8573618e868390e057ca863ca9080f4b4c8cb53401482310d69b8,admin,channel.account.quota.reset,key read: channel.channel.secret.read; key write: channel.channel.secret.rotate; status enable/disable separate; group/model mapping before+after facts; credentials/tokens: channel.account.credential.update; OAuth: channel.account.oauth.bind; quota reset: channel.account.quota.reset; recovery channel.account.recovery.clear; raw credentials only relay/refresh capability,all/resource_ids/routing_group_ids per registry (models/aliases no implicit group facts),channel,RPC shared SERVICE_TOKEN; direct OAuth/selector HTTP lacks same user guard (B0/B2 gap),B resource: aliases/direct RPC + scope list/total/detail/bulk/export + fields/deny; P0 source drift check
RPC,channel,/api.channel.v1.ChannelService/ResolveUsageSemanticBlock,api/channel/v1/channel.proto,ChannelService.ResolveUsageSemanticBlock,bc95c40387d9cbfb76499b29fd47554851e82fcc4d4f2eed90fb18a4d150dfe4,admin,channel.usage_semantic_block.resolve,key read: channel.channel.secret.read; key write: channel.channel.secret.rotate; status enable/disable separate; group/model mapping before+after facts; credentials/tokens: channel.account.credential.update; OAuth: channel.account.oauth.bind; quota reset: channel.account.quota.reset; recovery channel.account.recovery.clear; raw credentials only relay/refresh capability,all/resource_ids/routing_group_ids per registry (models/aliases no implicit group facts),channel,RPC shared SERVICE_TOKEN; direct OAuth/selector HTTP lacks same user guard (B0/B2 gap),B resource: aliases/direct RPC + scope list/total/detail/bulk/export + fields/deny; P0 source drift check
RPC,channel,/api.channel.v1.ChannelService/SelectChannel,api/channel/v1/channel.proto,ChannelService.SelectChannel,43d382150fd5c6add537b9c47b1a5100cdcb4790178a184e1d766b60bec375d6,system,capability: relay selection + secret capability; full-method allowlist; shared token insufficient,key read: channel.channel.secret.read; key write: channel.channel.secret.rotate; status enable/disable separate; group/model mapping before+after facts; credentials/tokens: channel.account.credential.update; OAuth: channel.account.oauth.bind; quota reset: channel.account.quota.reset; recovery channel.account.recovery.clear; raw credentials only relay/refresh capability,all/resource_ids/routing_group_ids per registry (models/aliases no implicit group facts),channel,RPC shared SERVICE_TOKEN; direct OAuth/selector HTTP lacks same user guard (B0/B2 gap),B0 named service identity + full-method capability; fake actor/caller rejected
RPC,channel,/api.channel.v1.ChannelService/SelectSubscriptionAccount,api/channel/v1/channel.proto,ChannelService.SelectSubscriptionAccount,00c9903587c25f91af19d9bb1b1b73f299b8ea316d888a8a61edffc982e768d9,system,capability: relay account selection + credentials capability; full-method allowlist; shared token insufficient,key read: channel.channel.secret.read; key write: channel.channel.secret.rotate; status enable/disable separate; group/model mapping before+after facts; credentials/tokens: channel.account.credential.update; OAuth: channel.account.oauth.bind; quota reset: channel.account.quota.reset; recovery channel.account.recovery.clear; raw credentials only relay/refresh capability,all/resource_ids/routing_group_ids per registry (models/aliases no implicit group facts),channel,RPC shared SERVICE_TOKEN; direct OAuth/selector HTTP lacks same user guard (B0/B2 gap),B0 named service identity + full-method capability; fake actor/caller rejected
RPC,channel,/api.channel.v1.ChannelService/SetRoutingGroupResourceOverrides,api/channel/v1/channel.proto,ChannelService.SetRoutingGroupResourceOverrides,d86c219ce991fce4a29b92f77d0d854a1da32df7bc614eb946b4ea0e213994de,admin,channel.routing_group.resource_override.update AND resource scopes,key read: channel.channel.secret.read; key write: channel.channel.secret.rotate; status enable/disable separate; group/model mapping before+after facts; credentials/tokens: channel.account.credential.update; OAuth: channel.account.oauth.bind; quota reset: channel.account.quota.reset; recovery channel.account.recovery.clear; raw credentials only relay/refresh capability,all/resource_ids/routing_group_ids per registry (models/aliases no implicit group facts),channel,RPC shared SERVICE_TOKEN; direct OAuth/selector HTTP lacks same user guard (B0/B2 gap),B resource: aliases/direct RPC + scope list/total/detail/bulk/export + fields/deny; P0 source drift check
RPC,channel,/api.channel.v1.ChannelService/SetRoutingGroupState,api/channel/v1/channel.proto,ChannelService.SetRoutingGroupState,957f08e8ec95e47b5f3517b8d263ef6078e5700909c4d9ae281e607b0d620f1a,admin,channel.routing_group.enable OR channel.routing_group.disable OR channel.routing_group.archive (state branch),key read: channel.channel.secret.read; key write: channel.channel.secret.rotate; status enable/disable separate; group/model mapping before+after facts; credentials/tokens: channel.account.credential.update; OAuth: channel.account.oauth.bind; quota reset: channel.account.quota.reset; recovery channel.account.recovery.clear; raw credentials only relay/refresh capability,all/resource_ids/routing_group_ids per registry (models/aliases no implicit group facts),channel,RPC shared SERVICE_TOKEN; direct OAuth/selector HTTP lacks same user guard (B0/B2 gap),B resource: aliases/direct RPC + scope list/total/detail/bulk/export + fields/deny; P0 source drift check
RPC,channel,/api.channel.v1.ChannelService/SetSubscriptionAccountError,api/channel/v1/channel.proto,ChannelService.SetSubscriptionAccountError,a7295751b77bbac35e7e7e4d846c5ac8364ef59f8a8e4907afdfd81d55ab1301,system,capability: relay health; full-method allowlist; shared token insufficient,key read: channel.channel.secret.read; key write: channel.channel.secret.rotate; status enable/disable separate; group/model mapping before+after facts; credentials/tokens: channel.account.credential.update; OAuth: channel.account.oauth.bind; quota reset: channel.account.quota.reset; recovery channel.account.recovery.clear; raw credentials only relay/refresh capability,all/resource_ids/routing_group_ids per registry (models/aliases no implicit group facts),channel,RPC shared SERVICE_TOKEN; direct OAuth/selector HTTP lacks same user guard (B0/B2 gap),B0 named service identity + full-method capability; fake actor/caller rejected
RPC,channel,/api.channel.v1.ChannelService/SetTempUnschedulable,api/channel/v1/channel.proto,ChannelService.SetTempUnschedulable,9bf107e328b1054f936f470bbc2c2413d7484262570144e0ffff1fb7b0dd4345,system,capability: relay temporary health; full-method allowlist; shared token insufficient,key read: channel.channel.secret.read; key write: channel.channel.secret.rotate; status enable/disable separate; group/model mapping before+after facts; credentials/tokens: channel.account.credential.update; OAuth: channel.account.oauth.bind; quota reset: channel.account.quota.reset; recovery channel.account.recovery.clear; raw credentials only relay/refresh capability,all/resource_ids/routing_group_ids per registry (models/aliases no implicit group facts),channel,RPC shared SERVICE_TOKEN; direct OAuth/selector HTTP lacks same user guard (B0/B2 gap),B0 named service identity + full-method capability; fake actor/caller rejected
RPC,channel,/api.channel.v1.ChannelService/StoreSubscriptionCredentials,api/channel/v1/channel.proto,ChannelService.StoreSubscriptionCredentials,475cb2dfc04910a63933699601b5e762618d738ec53c01444808a53586bc0b8a,system,capability: account-refresh/OAuth worker credential CAS; full-method allowlist; shared token insufficient,key read: channel.channel.secret.read; key write: channel.channel.secret.rotate; status enable/disable separate; group/model mapping before+after facts; credentials/tokens: channel.account.credential.update; OAuth: channel.account.oauth.bind; quota reset: channel.account.quota.reset; recovery channel.account.recovery.clear; raw credentials only relay/refresh capability,all/resource_ids/routing_group_ids per registry (models/aliases no implicit group facts),channel,RPC shared SERVICE_TOKEN; direct OAuth/selector HTTP lacks same user guard (B0/B2 gap),B0 named service identity + full-method capability; fake actor/caller rejected
RPC,channel,/api.channel.v1.ChannelService/UpdateChannel,api/channel/v1/channel.proto,ChannelService.UpdateChannel,d6a52ad96ccd6c24e57785fb26726f73ac4061a2105e733adcf87bf7753c6e9f,admin,channel.channel.update,key read: channel.channel.secret.read; key write: channel.channel.secret.rotate; status enable/disable separate; group/model mapping before+after facts; credentials/tokens: channel.account.credential.update; OAuth: channel.account.oauth.bind; quota reset: channel.account.quota.reset; recovery channel.account.recovery.clear; raw credentials only relay/refresh capability,all/resource_ids/routing_group_ids per registry (models/aliases no implicit group facts),channel,RPC shared SERVICE_TOKEN; direct OAuth/selector HTTP lacks same user guard (B0/B2 gap),B resource: aliases/direct RPC + scope list/total/detail/bulk/export + fields/deny; P0 source drift check
RPC,channel,/api.channel.v1.ChannelService/UpdateModel,api/channel/v1/channel.proto,ChannelService.UpdateModel,306dc0fb9885c4193b70c09d3ab666b38b04d6281f178ac933bbef150f5052aa,admin,channel.model.update,key read: channel.channel.secret.read; key write: channel.channel.secret.rotate; status enable/disable separate; group/model mapping before+after facts; credentials/tokens: channel.account.credential.update; OAuth: channel.account.oauth.bind; quota reset: channel.account.quota.reset; recovery channel.account.recovery.clear; raw credentials only relay/refresh capability,all/resource_ids/routing_group_ids per registry (models/aliases no implicit group facts),channel,RPC shared SERVICE_TOKEN; direct OAuth/selector HTTP lacks same user guard (B0/B2 gap),B resource: aliases/direct RPC + scope list/total/detail/bulk/export + fields/deny; P0 source drift check
RPC,channel,/api.channel.v1.ChannelService/UpdateSubscriptionAccount,api/channel/v1/channel.proto,ChannelService.UpdateSubscriptionAccount,71dfa09bc0267bd37f71f2c0efc84e536173eac28f448ed92eb1739caa6a8e67,admin,channel.account.update,key read: channel.channel.secret.read; key write: channel.channel.secret.rotate; status enable/disable separate; group/model mapping before+after facts; credentials/tokens: channel.account.credential.update; OAuth: channel.account.oauth.bind; quota reset: channel.account.quota.reset; recovery channel.account.recovery.clear; raw credentials only relay/refresh capability,all/resource_ids/routing_group_ids per registry (models/aliases no implicit group facts),channel,RPC shared SERVICE_TOKEN; direct OAuth/selector HTTP lacks same user guard (B0/B2 gap),B resource: aliases/direct RPC + scope list/total/detail/bulk/export + fields/deny; P0 source drift check
RPC,channel,/api.channel.v1.ChannelService/UpsertChannelModelMapping,api/channel/v1/channel.proto,ChannelService.UpsertChannelModelMapping,d144b4c5e708aa14096615175a80f9450119dd69354a3baa8b3cf191f4e4733d,admin,create/update diff: channel.model_mapping.create OR channel.model_mapping.update AND source resource scope,key read: channel.channel.secret.read; key write: channel.channel.secret.rotate; status enable/disable separate; group/model mapping before+after facts; credentials/tokens: channel.account.credential.update; OAuth: channel.account.oauth.bind; quota reset: channel.account.quota.reset; recovery channel.account.recovery.clear; raw credentials only relay/refresh capability,all/resource_ids/routing_group_ids per registry (models/aliases no implicit group facts),channel,RPC shared SERVICE_TOKEN; direct OAuth/selector HTTP lacks same user guard (B0/B2 gap),B resource: aliases/direct RPC + scope list/total/detail/bulk/export + fields/deny; P0 source drift check
RPC,channel,/api.channel.v1.ChannelService/UpsertModelRouting,api/channel/v1/channel.proto,ChannelService.UpsertModelRouting,e33b2cc2042b0ba44e245102586f415358b45fa9e1c198b64cf42a1475b30e45,admin,create/update diff: channel.model_routing.create OR channel.model_routing.update,key read: channel.channel.secret.read; key write: channel.channel.secret.rotate; status enable/disable separate; group/model mapping before+after facts; credentials/tokens: channel.account.credential.update; OAuth: channel.account.oauth.bind; quota reset: channel.account.quota.reset; recovery channel.account.recovery.clear; raw credentials only relay/refresh capability,all/resource_ids/routing_group_ids per registry (models/aliases no implicit group facts),channel,RPC shared SERVICE_TOKEN; direct OAuth/selector HTTP lacks same user guard (B0/B2 gap),B resource: aliases/direct RPC + scope list/total/detail/bulk/export + fields/deny; P0 source drift check
RPC,channel,/api.channel.v1.ChannelService/UpsertSubscriptionModelMapping,api/channel/v1/channel.proto,ChannelService.UpsertSubscriptionModelMapping,291ce8df71164404313f4cea224c7ec8f60399f20b8bc4b475dc1bafd3ab8f2f,admin,create/update diff: channel.model_mapping.create OR channel.model_mapping.update AND source resource scope,key read: channel.channel.secret.read; key write: channel.channel.secret.rotate; status enable/disable separate; group/model mapping before+after facts; credentials/tokens: channel.account.credential.update; OAuth: channel.account.oauth.bind; quota reset: channel.account.quota.reset; recovery channel.account.recovery.clear; raw credentials only relay/refresh capability,all/resource_ids/routing_group_ids per registry (models/aliases no implicit group facts),channel,RPC shared SERVICE_TOKEN; direct OAuth/selector HTTP lacks same user guard (B0/B2 gap),B resource: aliases/direct RPC + scope list/total/detail/bulk/export + fields/deny; P0 source drift check
RPC,config,/api.config.v1.ConfigService/DeleteConfig,api/config/v1/config.proto,ConfigService.DeleteConfig,7f85c416ec6e19d9cedac249eb681738944353cd3559f8e44667010a9aa909e7,admin,key classification: system.option.update; security/payment/pricing keys add system.option.security.update OR system.option.payment.update OR system.option.pricing.update; content adds system.content.notice.update OR system.content.about.update OR system.content.home.update,security: system.option.security.update; payment: system.option.payment.update; pricing: system.option.pricing.update; notice/about/home: system.content.notice.update/system.content.about.update/system.content.home.update; unknown key class rejects,all (key classes fixed),config,RPC shared SERVICE_TOKEN; direct configs HTTP lacks user guard; public content GET only,B resource: aliases/direct RPC + scope list/total/detail/bulk/export + fields/deny; P0 source drift check
RPC,config,/api.config.v1.ConfigService/GetConfig,api/config/v1/config.proto,ConfigService.GetConfig,f963ce281b35693d8fa63e43d6b90ba393d9486213b847fb823d6370e189fa34,mixed,system.option.read; public content keys use independent read-only projection; self/system branch must be separately full-method bound and verify ownership/capability,security: system.option.security.update; payment: system.option.payment.update; pricing: system.option.pricing.update; notice/about/home: system.content.notice.update/system.content.about.update/system.content.home.update; unknown key class rejects,all (key classes fixed),config,RPC shared SERVICE_TOKEN; direct configs HTTP lacks user guard; public content GET only,B resource: aliases/direct RPC + scope list/total/detail/bulk/export + fields/deny; P0 source drift check
RPC,config,/api.config.v1.ConfigService/ListConfigs,api/config/v1/config.proto,ConfigService.ListConfigs,38e65a3178ba7d621362cd79b372b7cad10a89a4f31bdc0d12336ed20daca65e,mixed,system.option.read; public content keys use independent read-only projection; self/system branch must be separately full-method bound and verify ownership/capability,security: system.option.security.update; payment: system.option.payment.update; pricing: system.option.pricing.update; notice/about/home: system.content.notice.update/system.content.about.update/system.content.home.update; unknown key class rejects,all (key classes fixed),config,RPC shared SERVICE_TOKEN; direct configs HTTP lacks user guard; public content GET only,B resource: aliases/direct RPC + scope list/total/detail/bulk/export + fields/deny; P0 source drift check
RPC,config,/api.config.v1.ConfigService/SetConfig,api/config/v1/config.proto,ConfigService.SetConfig,ecdb6b0c819b083384411615a4d859d85e24010733bf1a882517666b02bec281,admin,key classification: system.option.update; security/payment/pricing keys add system.option.security.update OR system.option.payment.update OR system.option.pricing.update; content adds system.content.notice.update OR system.content.about.update OR system.content.home.update,security: system.option.security.update; payment: system.option.payment.update; pricing: system.option.pricing.update; notice/about/home: system.content.notice.update/system.content.about.update/system.content.home.update; unknown key class rejects,all (key classes fixed),config,RPC shared SERVICE_TOKEN; direct configs HTTP lacks user guard; public content GET only,B resource: aliases/direct RPC + scope list/total/detail/bulk/export + fields/deny; P0 source drift check
RPC,identity,/api.identity.v1.IdentityService/ConsumeTokenQuota,api/identity/v1/identity.proto,IdentityService.ConsumeTokenQuota,0301583db024db3d33dfec941fbb4c78cf1bb2b1775efb2c0ead1b00d6679418,system,capability: relay quota consumption; full-method allowlist; shared token insufficient,email including empty: identity.user.email_binding.update + user_credentials delegation; password/OAuth: identity.user.credential.update + delegation; status: identity.user.enable/disable; role: identity.user_role.assign/revoke diff; group: identity.routing_access.default.update + actual grant/revoke; contact: identity.user.contact.read; finance: billing.account.read,all/self/user_ids/resource_ids/routing_group_ids per operation,identity,"RPC shared SERVICE_TOKEN; SetUserRole also operator credential/root checks; HTTP verified session for self, public verification for auth",B0 named service identity + full-method capability; fake actor/caller rejected
RPC,identity,/api.identity.v1.IdentityService/CreateAccessToken,api/identity/v1/identity.proto,IdentityService.CreateAccessToken,be564fffe9481fd200277346bb05189ba6e7ca4e7dbe408a7e4d2363a57728e9,self,owner/authentication: verified owner + routing/model eligibility,email including empty: identity.user.email_binding.update + user_credentials delegation; password/OAuth: identity.user.credential.update + delegation; status: identity.user.enable/disable; role: identity.user_role.assign/revoke diff; group: identity.routing_access.default.update + actual grant/revoke; contact: identity.user.contact.read; finance: billing.account.read,all/self/user_ids/resource_ids/routing_group_ids per operation,identity,"RPC shared SERVICE_TOKEN; SetUserRole also operator credential/root checks; HTTP verified session for self, public verification for auth",self verified ownership; no client actor ID; cutover/default-role atomicity
RPC,identity,/api.identity.v1.IdentityService/CreateUser,api/identity/v1/identity.proto,IdentityService.CreateUser,e524d4e6265896f18571ca822955822c7ae50e6c83b9494ea675b5271f344980,admin,identity.user.create + default role + requested sensitive USER_FIELDS,email including empty: identity.user.email_binding.update + user_credentials delegation; password/OAuth: identity.user.credential.update + delegation; status: identity.user.enable/disable; role: identity.user_role.assign/revoke diff; group: identity.routing_access.default.update + actual grant/revoke; contact: identity.user.contact.read; finance: billing.account.read,all/self/user_ids/resource_ids/routing_group_ids per operation,identity,"RPC shared SERVICE_TOKEN; SetUserRole also operator credential/root checks; HTTP verified session for self, public verification for auth",B resource: aliases/direct RPC + scope list/total/detail/bulk/export + fields/deny; P0 source drift check
RPC,identity,/api.identity.v1.IdentityService/DeleteUser,api/identity/v1/identity.proto,IdentityService.DeleteUser,b7ca7b2d47ed5a8b9ccce7b4e8b2257c6c6cb85ac982fe9af362c460bac785fd,admin,identity.user.delete,email including empty: identity.user.email_binding.update + user_credentials delegation; password/OAuth: identity.user.credential.update + delegation; status: identity.user.enable/disable; role: identity.user_role.assign/revoke diff; group: identity.routing_access.default.update + actual grant/revoke; contact: identity.user.contact.read; finance: billing.account.read,all/self/user_ids/resource_ids/routing_group_ids per operation,identity,"RPC shared SERVICE_TOKEN; SetUserRole also operator credential/root checks; HTTP verified session for self, public verification for auth",B resource: aliases/direct RPC + scope list/total/detail/bulk/export + fields/deny; P0 source drift check
RPC,identity,/api.identity.v1.IdentityService/GetAuthSnapshot,api/identity/v1/identity.proto,IdentityService.GetAuthSnapshot,7d425775f9505ddaaab26fbffbbaca683407a86d27377faba8492f69c35a69ee,system,capability: relay/admin authentication snapshot; full-method allowlist; shared token insufficient,email including empty: identity.user.email_binding.update + user_credentials delegation; password/OAuth: identity.user.credential.update + delegation; status: identity.user.enable/disable; role: identity.user_role.assign/revoke diff; group: identity.routing_access.default.update + actual grant/revoke; contact: identity.user.contact.read; finance: billing.account.read,all/self/user_ids/resource_ids/routing_group_ids per operation,identity,"RPC shared SERVICE_TOKEN; SetUserRole also operator credential/root checks; HTTP verified session for self, public verification for auth",B0 named service identity + full-method capability; fake actor/caller rejected
RPC,identity,/api.identity.v1.IdentityService/GetUser,api/identity/v1/identity.proto,IdentityService.GetUser,0ba657d8530ee19c9a8308a14c16daab5f2ad1bcffb60ff46ce6e3430ad7702d,mixed,identity.user.read; self/system branch must be separately full-method bound and verify ownership/capability,email including empty: identity.user.email_binding.update + user_credentials delegation; password/OAuth: identity.user.credential.update + delegation; status: identity.user.enable/disable; role: identity.user_role.assign/revoke diff; group: identity.routing_access.default.update + actual grant/revoke; contact: identity.user.contact.read; finance: billing.account.read,all/self/user_ids/resource_ids/routing_group_ids per operation,identity,"RPC shared SERVICE_TOKEN; SetUserRole also operator credential/root checks; HTTP verified session for self, public verification for auth",B resource: aliases/direct RPC + scope list/total/detail/bulk/export + fields/deny; P0 source drift check
RPC,identity,/api.identity.v1.IdentityService/GetUserRoutingFacts,api/identity/v1/identity.proto,IdentityService.GetUserRoutingFacts,c737d995fb4523c59707804fa7c1112c5ed8cdfbb7c63ff35bfef1f884ed0ffa,mixed,admin: identity.routing_access.read; self: owner; relay/admin: capability routing.facts; self/system branch must be separately full-method bound and verify ownership/capability,email including empty: identity.user.email_binding.update + user_credentials delegation; password/OAuth: identity.user.credential.update + delegation; status: identity.user.enable/disable; role: identity.user_role.assign/revoke diff; group: identity.routing_access.default.update + actual grant/revoke; contact: identity.user.contact.read; finance: billing.account.read,all/self/user_ids/resource_ids/routing_group_ids per operation,identity,"RPC shared SERVICE_TOKEN; SetUserRole also operator credential/root checks; HTTP verified session for self, public verification for auth",B resource: aliases/direct RPC + scope list/total/detail/bulk/export + fields/deny; P0 source drift check
RPC,identity,/api.identity.v1.IdentityService/ListUsers,api/identity/v1/identity.proto,IdentityService.ListUsers,6344b2905c5fac984951b3aad17aacad28098ff48cedf9df6e2030364d613597,admin,identity.user.list,email including empty: identity.user.email_binding.update + user_credentials delegation; password/OAuth: identity.user.credential.update + delegation; status: identity.user.enable/disable; role: identity.user_role.assign/revoke diff; group: identity.routing_access.default.update + actual grant/revoke; contact: identity.user.contact.read; finance: billing.account.read,all/self/user_ids/resource_ids/routing_group_ids per operation,identity,"RPC shared SERVICE_TOKEN; SetUserRole also operator credential/root checks; HTTP verified session for self, public verification for auth",B resource: aliases/direct RPC + scope list/total/detail/bulk/export + fields/deny; P0 source drift check
RPC,identity,/api.identity.v1.IdentityService/Login,api/identity/v1/identity.proto,IdentityService.Login,ba2c297c1c4819b082e0d3d663ee0606b84913fefb1757475c89c861981ac79b,self,owner/authentication: authentication + rate limit,email including empty: identity.user.email_binding.update + user_credentials delegation; password/OAuth: identity.user.credential.update + delegation; status: identity.user.enable/disable; role: identity.user_role.assign/revoke diff; group: identity.routing_access.default.update + actual grant/revoke; contact: identity.user.contact.read; finance: billing.account.read,all/self/user_ids/resource_ids/routing_group_ids per operation,identity,"RPC shared SERVICE_TOKEN; SetUserRole also operator credential/root checks; HTTP verified session for self, public verification for auth",self verified ownership; no client actor ID; cutover/default-role atomicity
RPC,identity,/api.identity.v1.IdentityService/Register,api/identity/v1/identity.proto,IdentityService.Register,ef6207700f96386f2e781a215792ff188a88703af619132231dcae04aece3e56,self,owner/authentication: registration verification/default group/default role atomic write,email including empty: identity.user.email_binding.update + user_credentials delegation; password/OAuth: identity.user.credential.update + delegation; status: identity.user.enable/disable; role: identity.user_role.assign/revoke diff; group: identity.routing_access.default.update + actual grant/revoke; contact: identity.user.contact.read; finance: billing.account.read,all/self/user_ids/resource_ids/routing_group_ids per operation,identity,"RPC shared SERVICE_TOKEN; SetUserRole also operator credential/root checks; HTTP verified session for self, public verification for auth",self verified ownership; no client actor ID; cutover/default-role atomicity
RPC,identity,/api.identity.v1.IdentityService/SetTokenRouting,api/identity/v1/identity.proto,IdentityService.SetTokenRouting,7e7eba5225d3ec9cb96368690d46b46456b87c8fdda1990fab964f16b7f98824,self,owner/authentication: verified owner + token/group eligibility,email including empty: identity.user.email_binding.update + user_credentials delegation; password/OAuth: identity.user.credential.update + delegation; status: identity.user.enable/disable; role: identity.user_role.assign/revoke diff; group: identity.routing_access.default.update + actual grant/revoke; contact: identity.user.contact.read; finance: billing.account.read,all/self/user_ids/resource_ids/routing_group_ids per operation,identity,"RPC shared SERVICE_TOKEN; SetUserRole also operator credential/root checks; HTTP verified session for self, public verification for auth",self verified ownership; no client actor ID; cutover/default-role atomicity
RPC,identity,/api.identity.v1.IdentityService/SetUserRole,api/identity/v1/identity.proto,IdentityService.SetUserRole,85592f05a6b23c5536f990ea6fb8e39fa72cecf7be5b9c0977dd54c9668a35bb,admin,legacy role write retires; assignment diff: identity.user_role.assign AND/OR identity.user_role.revoke,email including empty: identity.user.email_binding.update + user_credentials delegation; password/OAuth: identity.user.credential.update + delegation; status: identity.user.enable/disable; role: identity.user_role.assign/revoke diff; group: identity.routing_access.default.update + actual grant/revoke; contact: identity.user.contact.read; finance: billing.account.read,all/self/user_ids/resource_ids/routing_group_ids per operation,identity,"RPC shared SERVICE_TOKEN; SetUserRole also operator credential/root checks; HTTP verified session for self, public verification for auth",B resource: aliases/direct RPC + scope list/total/detail/bulk/export + fields/deny; P0 source drift check
RPC,identity,/api.identity.v1.IdentityService/UpdateUser,api/identity/v1/identity.proto,IdentityService.UpdateUser,d125bd3589589934a45734fcb2570188e377629bf2a0a39a6d356395b42f7828,admin,identity.user.update + USER_FIELDS,email including empty: identity.user.email_binding.update + user_credentials delegation; password/OAuth: identity.user.credential.update + delegation; status: identity.user.enable/disable; role: identity.user_role.assign/revoke diff; group: identity.routing_access.default.update + actual grant/revoke; contact: identity.user.contact.read; finance: billing.account.read,all/self/user_ids/resource_ids/routing_group_ids per operation,identity,"RPC shared SERVICE_TOKEN; SetUserRole also operator credential/root checks; HTTP verified session for self, public verification for auth",B resource: aliases/direct RPC + scope list/total/detail/bulk/export + fields/deny; P0 source drift check
RPC,identity,/api.identity.v1.IdentityService/UpdateUserRoutingAccess,api/identity/v1/identity.proto,IdentityService.UpdateUserRoutingAccess,3e9d8a0ebdfc25f2ce7d7858c6a076d5ff4dcbb0d2731abdb9bd2e53474644bb,mixed,diff: identity.routing_access.grant AND/OR identity.routing_access.revoke AND/OR identity.routing_access.default.update AND/OR identity.routing_access.public_access.update; self/system branch must be separately full-method bound and verify ownership/capability,email including empty: identity.user.email_binding.update + user_credentials delegation; password/OAuth: identity.user.credential.update + delegation; status: identity.user.enable/disable; role: identity.user_role.assign/revoke diff; group: identity.routing_access.default.update + actual grant/revoke; contact: identity.user.contact.read; finance: billing.account.read,all/self/user_ids/resource_ids/routing_group_ids per operation,identity,"RPC shared SERVICE_TOKEN; SetUserRole also operator credential/root checks; HTTP verified session for self, public verification for auth",B resource: aliases/direct RPC + scope list/total/detail/bulk/export + fields/deny; P0 source drift check
RPC,identity,/api.identity.v1.IdentityService/ValidateToken,api/identity/v1/identity.proto,IdentityService.ValidateToken,4218771350eb0ac87ad35887439878b19c46a46db08e859295300ed5779b1c86,system,capability: relay/admin token validation; full-method allowlist; shared token insufficient,email including empty: identity.user.email_binding.update + user_credentials delegation; password/OAuth: identity.user.credential.update + delegation; status: identity.user.enable/disable; role: identity.user_role.assign/revoke diff; group: identity.routing_access.default.update + actual grant/revoke; contact: identity.user.contact.read; finance: billing.account.read,all/self/user_ids/resource_ids/routing_group_ids per operation,identity,"RPC shared SERVICE_TOKEN; SetUserRole also operator credential/root checks; HTTP verified session for self, public verification for auth",B0 named service identity + full-method capability; fake actor/caller rejected
RPC,log,/api.log.v1.LogService/GetLog,api/log/v1/log.proto,LogService.GetLog,76c0201f2cc7178d4d628ff698786cf7cbcd167fa74c47237289a56bfb47cb12,admin,log.request.read,request/response content: log.request.content.read; totals/stats same filtered scope,all/self/user_ids/resource_ids; selection facts owner-verified,log,RPC shared SERVICE_TOKEN; logs/selection HTTP ServiceAuth; /self session ownership,B resource: aliases/direct RPC + scope list/total/detail/bulk/export + fields/deny; P0 source drift check
RPC,log,/api.log.v1.LogService/IngestLog,api/log/v1/log.proto,LogService.IngestLog,939e7d002274b6c9a316f041cea58c94db482be867bd96bad9f39c4578041cdc,system,capability: relay log ingest; full-method allowlist; shared token insufficient,request/response content: log.request.content.read; totals/stats same filtered scope,all/self/user_ids/resource_ids; selection facts owner-verified,log,RPC shared SERVICE_TOKEN; logs/selection HTTP ServiceAuth; /self session ownership,B0 named service identity + full-method capability; fake actor/caller rejected
RPC,log,/api.log.v1.LogService/ListLogs,api/log/v1/log.proto,LogService.ListLogs,ad577bbd25cd49dd5474438c54729de121949243f19c2e3809f054ff8a020cf9,admin,log.request.list,request/response content: log.request.content.read; totals/stats same filtered scope,all/self/user_ids/resource_ids; selection facts owner-verified,log,RPC shared SERVICE_TOKEN; logs/selection HTTP ServiceAuth; /self session ownership,B resource: aliases/direct RPC + scope list/total/detail/bulk/export + fields/deny; P0 source drift check
RPC,monitor,/api.monitor.v1.MonitorService/CreateAlertRule,api/monitor/v1/monitor.proto,MonitorService.CreateAlertRule,c1d51d3c267a01f101195978d058c9848eb142be18f06fbe46737b54bcbf341b,admin,monitor.alert_rule.create,health service/channel/model distinct; alert-rule targets owner-verified,all/resource_ids; channel/model health may group-filter,monitor,RPC shared SERVICE_TOKEN; direct HTTP lacks user guard (B0/B4 gap),B resource: aliases/direct RPC + scope list/total/detail/bulk/export + fields/deny; P0 source drift check
RPC,monitor,/api.monitor.v1.MonitorService/DeleteAlertRule,api/monitor/v1/monitor.proto,MonitorService.DeleteAlertRule,62f3092fbf91e3dfddaac53b93bba84801e79c40c01bc215d2b99377871172a7,admin,monitor.alert_rule.delete,health service/channel/model distinct; alert-rule targets owner-verified,all/resource_ids; channel/model health may group-filter,monitor,RPC shared SERVICE_TOKEN; direct HTTP lacks user guard (B0/B4 gap),B resource: aliases/direct RPC + scope list/total/detail/bulk/export + fields/deny; P0 source drift check
RPC,monitor,/api.monitor.v1.MonitorService/GetAlertRule,api/monitor/v1/monitor.proto,MonitorService.GetAlertRule,66c89db2350741d76ab0e2f870553a4b05833ba1ac94813e151039adf8f57d01,admin,monitor.alert_rule.read,health service/channel/model distinct; alert-rule targets owner-verified,all/resource_ids; channel/model health may group-filter,monitor,RPC shared SERVICE_TOKEN; direct HTTP lacks user guard (B0/B4 gap),B resource: aliases/direct RPC + scope list/total/detail/bulk/export + fields/deny; P0 source drift check
RPC,monitor,/api.monitor.v1.MonitorService/GetLatestHealthCheck,api/monitor/v1/monitor.proto,MonitorService.GetLatestHealthCheck,dbbfcfeab69bf1232995298224d4b0dec5f91a79cf91e8c5947b4057038da1da,admin,monitor.health.service.read,health service/channel/model distinct; alert-rule targets owner-verified,all/resource_ids; channel/model health may group-filter,monitor,RPC shared SERVICE_TOKEN; direct HTTP lacks user guard (B0/B4 gap),B resource: aliases/direct RPC + scope list/total/detail/bulk/export + fields/deny; P0 source drift check
RPC,monitor,/api.monitor.v1.MonitorService/ListAlertRules,api/monitor/v1/monitor.proto,MonitorService.ListAlertRules,078b130b05bbd2c66ea804caef15683fceeb6c8375f8072cc723e29f3bac3b8d,admin,monitor.alert_rule.list,health service/channel/model distinct; alert-rule targets owner-verified,all/resource_ids; channel/model health may group-filter,monitor,RPC shared SERVICE_TOKEN; direct HTTP lacks user guard (B0/B4 gap),B resource: aliases/direct RPC + scope list/total/detail/bulk/export + fields/deny; P0 source drift check
RPC,monitor,/api.monitor.v1.MonitorService/ListHealthChecks,api/monitor/v1/monitor.proto,MonitorService.ListHealthChecks,2470a58184fb69ebdc304ab4d056f04a70d381023976e46fdc6e463f4cb5f96d,admin,monitor.health.service.read,health service/channel/model distinct; alert-rule targets owner-verified,all/resource_ids; channel/model health may group-filter,monitor,RPC shared SERVICE_TOKEN; direct HTTP lacks user guard (B0/B4 gap),B resource: aliases/direct RPC + scope list/total/detail/bulk/export + fields/deny; P0 source drift check
RPC,monitor,/api.monitor.v1.MonitorService/SaveHealthCheck,api/monitor/v1/monitor.proto,MonitorService.SaveHealthCheck,d75ac62a57aa75211c70639161d84f7eaef4bc3ec4a37e93675de6164743b229,system,capability: monitor collection; full-method allowlist; shared token insufficient,health service/channel/model distinct; alert-rule targets owner-verified,all/resource_ids; channel/model health may group-filter,monitor,RPC shared SERVICE_TOKEN; direct HTTP lacks user guard (B0/B4 gap),B0 named service identity + full-method capability; fake actor/caller rejected
RPC,monitor,/api.monitor.v1.MonitorService/UpdateAlertRule,api/monitor/v1/monitor.proto,MonitorService.UpdateAlertRule,b10d2a1ab599d585f8ed8a2d970d77b835e0c840f0d71bb66bd10bcf6a65732d,admin,monitor.alert_rule.update,health service/channel/model distinct; alert-rule targets owner-verified,all/resource_ids; channel/model health may group-filter,monitor,RPC shared SERVICE_TOKEN; direct HTTP lacks user guard (B0/B4 gap),B resource: aliases/direct RPC + scope list/total/detail/bulk/export + fields/deny; P0 source drift check
RPC,notify,/api.notify.v1.NotifyService/CreateNotification,api/notify/v1/notify.proto,NotifyService.CreateNotification,1808f96f381de47947f397fd94baaa1fd15224ed94eceeabf0513078461efb85,system,capability: notify/monitor dispatch; full-method allowlist; shared token insufficient,delivery status is system-only; payload sensitive data filtered,all/resource_ids,notify,RPC shared SERVICE_TOKEN; direct HTTP/Alertmanager lacks independent user/service identity (B0/B4 gap),B0 named service identity + full-method capability; fake actor/caller rejected
RPC,notify,/api.notify.v1.NotifyService/GetNotification,api/notify/v1/notify.proto,NotifyService.GetNotification,c6bdaec51137582a590c6cb2f9ea8b4cebd58ce43dd4c8d1c9401f159d7025d4,admin,notify.notification.read,delivery status is system-only; payload sensitive data filtered,all/resource_ids,notify,RPC shared SERVICE_TOKEN; direct HTTP/Alertmanager lacks independent user/service identity (B0/B4 gap),B resource: aliases/direct RPC + scope list/total/detail/bulk/export + fields/deny; P0 source drift check
RPC,notify,/api.notify.v1.NotifyService/ListNotifications,api/notify/v1/notify.proto,NotifyService.ListNotifications,31735210f4ae6853f26808da63bd147445a6e55160bf6f445f6a9773364f67c3,admin,notify.notification.list,delivery status is system-only; payload sensitive data filtered,all/resource_ids,notify,RPC shared SERVICE_TOKEN; direct HTTP/Alertmanager lacks independent user/service identity (B0/B4 gap),B resource: aliases/direct RPC + scope list/total/detail/bulk/export + fields/deny; P0 source drift check
RPC,notify,/api.notify.v1.NotifyService/UpdateNotificationStatus,api/notify/v1/notify.proto,NotifyService.UpdateNotificationStatus,88ddee41f61e7507914adedd807c2d715b57966880cc3ea83fb9c0f2b24222f8,system,capability: notify delivery status (never acknowledge); full-method allowlist; shared token insufficient,delivery status is system-only; payload sensitive data filtered,all/resource_ids,notify,RPC shared SERVICE_TOKEN; direct HTTP/Alertmanager lacks independent user/service identity (B0/B4 gap),B0 named service identity + full-method capability; fake actor/caller rejected
RPC,relay,/api.relay.v1.RelayService/ChatCompletion,api/relay/v1/relay.proto,RelayService.ChatCompletion,ca6be5774cf179b18a656959200769aba319ebff46c7af1ee0ceff4db96bac11,self,API-key model/routing/quota ownership; no IAM,API key secrets stay internal; independent routing/quota eligibility,owner/API-key routing entitlement; no IAM scope expansion,relay,API-key/routing/quota ownership; alternate enhanced constructor listed separately,API-key/routing integration; no management capability
RPC,relay,/api.relay.v1.RelayService/ListModels,api/relay/v1/relay.proto,RelayService.ListModels,ee2ff8c4d14ad598f2b32c12a8b716cd559c47e0b0b78161dc46e19578993b5d,self,API-key model/routing/quota ownership; no IAM,API key secrets stay internal; independent routing/quota eligibility,owner/API-key routing entitlement; no IAM scope expansion,relay,API-key/routing/quota ownership; alternate enhanced constructor listed separately,API-key/routing integration; no management capability
SOURCE,admin,app/admin/cmd/admin/admin_helpers.go,app/admin/cmd/admin/admin_helpers.go,package,33b7306537f4adf5ed4a43db809726085136dd6b20a0b4f5f137dfb4af0ed187,source,n/a,source branch review,n/a,admin,source digest forces re-review,P0 source drift check
SOURCE,admin,app/admin/internal/server/admin_audit.go,app/admin/internal/server/admin_audit.go,package,135aa887a69032723e8c165359c4c42f4b57d545de1f1eaf4d34a811077d120c,source,n/a,source branch review,n/a,admin,source digest forces re-review,P0 source drift check
SOURCE,admin,app/admin/internal/server/grpc.go,app/admin/internal/server/grpc.go,package,919fb9933c963429aebfd98c2bcf729185c195092736c7960fe2221203295a8c,source,n/a,source branch review,n/a,admin,source digest forces re-review,P0 source drift check
SOURCE,admin,app/admin/internal/server/http.go,app/admin/internal/server/http.go,package,76f80e0ffe2453ddddca858ebb00453f0360570d8b067a981527bb352a8cad4d,source,n/a,source branch review,n/a,admin,source digest forces re-review,P0 source drift check
SOURCE,admin,app/admin/internal/server/model_exchange.go,app/admin/internal/server/model_exchange.go,package,f82de2532850555406f856f9393a64c5e1a6edb9ffb1c8c6b7897133b3fee4d2,source,n/a,source branch review,n/a,admin,source digest forces re-review,P0 source drift check
SOURCE,admin,app/admin/internal/server/models.go,app/admin/internal/server/models.go,package,2f09a76c75fee2bdde77d67159007b7dac811959bae4f5bc5eba59970a111faf,source,n/a,source branch review,n/a,admin,source digest forces re-review,P0 source drift check
SOURCE,admin,app/admin/internal/server/routing_access.go,app/admin/internal/server/routing_access.go,package,b5a68aa5a15965ce4c8d6483ef69caf6758326b780de5b990297d10b6f30652a,source,n/a,source branch review,n/a,admin,source digest forces re-review,P0 source drift check
SOURCE,admin,app/admin/internal/server/routing_group.go,app/admin/internal/server/routing_group.go,package,cc973803199b54ead13a4f1a4d796767f63b5d76071b42c433e0e203987745c1,source,n/a,source branch review,n/a,admin,source digest forces re-review,P0 source drift check
SOURCE,admin,app/admin/internal/server/routing_ops.go,app/admin/internal/server/routing_ops.go,package,9737feb00942337ae412ed3c66eee0a4646dcdbad1dbc51e779e2a154fb48493,source,n/a,source branch review,n/a,admin,source digest forces re-review,P0 source drift check
SOURCE,admin,app/admin/internal/server/routing_ops_rates.go,app/admin/internal/server/routing_ops_rates.go,package,1b3333f861741d37c0d1f54fcaa12a490c26bb211ce14687ac275c5bf0cd05ad,source,n/a,source branch review,n/a,admin,source digest forces re-review,P0 source drift check
SOURCE,admin,app/admin/internal/server/subscription.go,app/admin/internal/server/subscription.go,package,6fc4e37edfa069857a83e6614f83556ea591631a38f378b9448fd6cad8a11965,source,n/a,source branch review,n/a,admin,source digest forces re-review,P0 source drift check
SOURCE,admin,app/admin/internal/server/summary.go,app/admin/internal/server/summary.go,package,194b4aa8efe84fc59f52a363fe7952ab6ce8dce368655e1a4c7464667c3e9612,source,n/a,source branch review,n/a,admin,source digest forces re-review,P0 source drift check
SOURCE,admin,app/admin/internal/server/user_limits.go,app/admin/internal/server/user_limits.go,package,fe5bcfd053d4dfa3ccc0cee5f83e455545ed3debe665a8aab100c88ca4409bfb,source,n/a,source branch review,n/a,admin,source digest forces re-review,P0 source drift check
SOURCE,admin,app/admin/internal/service/admin.go,app/admin/internal/service/admin.go,package,e06298361b3b8eead09e2db965047473fe2501e91a53fe012c3a3dae3569afbc,source,n/a,source branch review,n/a,admin,source digest forces re-review,P0 source drift check
SOURCE,admin,app/admin/internal/service/group_pricing.go,app/admin/internal/service/group_pricing.go,package,d88e9f1ad547524b5aeebf084c2c50278a72f84c29767673fc23c05c91b68a7f,source,n/a,source branch review,n/a,admin,source digest forces re-review,P0 source drift check
SOURCE,admin,app/admin/internal/service/idempotency.go,app/admin/internal/service/idempotency.go,package,ab1c04e32c8324e9a73f1b56c5e236e29bd41756e70e60e4cd9e6292992a5efa,source,n/a,source branch review,n/a,admin,source digest forces re-review,P0 source drift check
SOURCE,admin,app/admin/internal/service/model.go,app/admin/internal/service/model.go,package,c2d387180bfc29581656fb2593e86e2018504b3926e58a142734004f18bfe5a9,source,n/a,source branch review,n/a,admin,source digest forces re-review,P0 source drift check
SOURCE,admin,app/admin/internal/service/request_attempt.go,app/admin/internal/service/request_attempt.go,package,2f9c3608e9e700469e12eb46959d4cd7d70c4bf27afc8d37125bd923274fb340,source,n/a,source branch review,n/a,admin,source digest forces re-review,P0 source drift check
SOURCE,admin,app/admin/internal/service/routing_access.go,app/admin/internal/service/routing_access.go,package,eb7ea2f628a2163a5b43d7add9ab92b0c903d8559ba54fca1b1859615d945b8a,source,n/a,source branch review,n/a,admin,source digest forces re-review,P0 source drift check
SOURCE,admin,app/admin/internal/service/routing_group.go,app/admin/internal/service/routing_group.go,package,9245492650dd226e84886534b02e883fa0ac549e8cf415f07a9f532c004128c2,source,n/a,source branch review,n/a,admin,source digest forces re-review,P0 source drift check
SOURCE,admin,app/admin/internal/service/subscription.go,app/admin/internal/service/subscription.go,package,7dd70c6e4e3eb80553a43b75972e91c510a797595fd8492c25b78ef87603ef6f,source,n/a,source branch review,n/a,admin,source digest forces re-review,P0 source drift check
SOURCE,admin,app/admin/internal/service/summary.go,app/admin/internal/service/summary.go,package,4c4efafed7c5d94cd139356df7fdb59b9443568a7b7215c7d3b1a2a45592ed38,source,n/a,source branch review,n/a,admin,source digest forces re-review,P0 source drift check
SOURCE,admin,app/admin/internal/service/unpriced_metric.go,app/admin/internal/service/unpriced_metric.go,package,b90af0a1b02e4d630810b3db279b13ed5c4b68b6df791e9b9960ebe68ae91295,source,n/a,source branch review,n/a,admin,source digest forces re-review,P0 source drift check
SOURCE,admin,app/admin/internal/service/upstream_cost.go,app/admin/internal/service/upstream_cost.go,package,0a00dffc42124395230774293f64590e66c619fbb23cc3a093d9b0ef92411e22,source,n/a,source branch review,n/a,admin,source digest forces re-review,P0 source drift check
SOURCE,admin,app/admin/internal/service/upstream_cost_resolver.go,app/admin/internal/service/upstream_cost_resolver.go,package,0524bc2acdbdbde77a735793ae588ba2a8f53568d09396a9a88f8c5a05037e14,source,n/a,source branch review,n/a,admin,source digest forces re-review,P0 source drift check
SOURCE,billing,app/billing/internal/data/account_repo.go,app/billing/internal/data/account_repo.go,package,ba9022386b60f393d4f17fed39cef46460292ba5856b3fc786a2d78753256e11,source,n/a,source branch review,n/a,billing,source digest forces re-review,P0 source drift check
SOURCE,billing,app/billing/internal/server/grpc.go,app/billing/internal/server/grpc.go,package,af19dcd1a6eca1e8e3c158d6ef5f374e7973ef38a0c276282ef43dbccecf6314,source,n/a,source branch review,n/a,billing,source digest forces re-review,P0 source drift check
SOURCE,billing,app/billing/internal/server/http.go,app/billing/internal/server/http.go,package,994998456aa1eec0e2fa49de125b965c2a398610929e7bd4aa3ab0b0a7eb8528,source,n/a,source branch review,n/a,billing,source digest forces re-review,P0 source drift check
SOURCE,billing,app/billing/internal/service/billing.go,app/billing/internal/service/billing.go,package,42dcb207a171bdb4634cef9116b6bf9083a246e6672a94ea682f17deb6712f6a,source,n/a,source branch review,n/a,billing,source digest forces re-review,P0 source drift check
SOURCE,billing,app/billing/internal/service/request_attempt.go,app/billing/internal/service/request_attempt.go,package,e25cd3203f56ef41400fcd88ae5dd8a255062ebfcb1401a96abbfd52244b49ab,source,n/a,source branch review,n/a,billing,source digest forces re-review,P0 source drift check
SOURCE,billing,app/billing/internal/service/routing_price.go,app/billing/internal/service/routing_price.go,package,20a09a40b2492b0ac460b6617a386d3b37bd7c89a25966d858e4eddfad8a1cf7,source,n/a,source branch review,n/a,billing,source digest forces re-review,P0 source drift check
SOURCE,billing,app/billing/internal/service/settlement_reporter.go,app/billing/internal/service/settlement_reporter.go,package,438051ac15694d1dcfe71f7f18ad9f2d84337688a736badff437e879116019e8,source,n/a,source branch review,n/a,billing,source digest forces re-review,P0 source drift check
SOURCE,billing,app/billing/internal/service/subscription_usage.go,app/billing/internal/service/subscription_usage.go,package,6462bcc3f2092b047b57cc5dc545c52cb68b4812ca78d009df3de8c47028fc4c,source,n/a,source branch review,n/a,billing,source digest forces re-review,P0 source drift check
SOURCE,billing,app/billing/internal/service/usage_envelope.go,app/billing/internal/service/usage_envelope.go,package,ae21e0ed48a3b273ab278b750906369ffd77e6be823e45d7ccd3488ac69235d4,source,n/a,source branch review,n/a,billing,source digest forces re-review,P0 source drift check
SOURCE,channel,app/channel/internal/server/grpc.go,app/channel/internal/server/grpc.go,package,fccb4c961ce164889d3e45b16122b3fcbb09e9e32cc4d8d216dd44fed97b1ae4,source,n/a,source branch review,n/a,channel,source digest forces re-review,P0 source drift check
SOURCE,channel,app/channel/internal/server/http.go,app/channel/internal/server/http.go,package,705e0358d0cfcedd12fe937c15fdb28315062d7a93f1576c777c76d9c625d538,source,n/a,source branch review,n/a,channel,source digest forces re-review,P0 source drift check
SOURCE,channel,app/channel/internal/service/anthropic_model_probe.go,app/channel/internal/service/anthropic_model_probe.go,package,7e492bbe44455039bc05b3aee761119e05ee2a4caecc7ff4c23e3b29b645770b,source,n/a,source branch review,n/a,channel,source digest forces re-review,P0 source drift check
SOURCE,channel,app/channel/internal/service/channel.go,app/channel/internal/service/channel.go,package,326ae9fb3752480bea1a4f263790662cc4b923dc3dee732767b9007b7e908af3,source,n/a,source branch review,n/a,channel,source digest forces re-review,P0 source drift check
SOURCE,channel,app/channel/internal/service/channel_model_probe.go,app/channel/internal/service/channel_model_probe.go,package,528e8f8ca987c03743e1ab5c9bfab2424f35ccee3cf78f4748412f7e231c8026,source,n/a,source branch review,n/a,channel,source digest forces re-review,P0 source drift check
SOURCE,channel,app/channel/internal/service/coding_plan_quota_probe.go,app/channel/internal/service/coding_plan_quota_probe.go,package,3ff14ce10c2f8ab46a7cfdc2bcff040d926e57e96dd62ff4f5417f9063fede05,source,n/a,source branch review,n/a,channel,source digest forces re-review,P0 source drift check
SOURCE,channel,app/channel/internal/service/model.go,app/channel/internal/service/model.go,package,1f5b86563bb571eb7b782c9f1d7d740d73e6c3646d99109106812b339f6eea36,source,n/a,source branch review,n/a,channel,source digest forces re-review,P0 source drift check
SOURCE,channel,app/channel/internal/service/model_exchange.go,app/channel/internal/service/model_exchange.go,package,53f84e8971df4a65e5cf85f744986ed02f5f09b9f4df6ba98ef671c207e62342,source,n/a,source branch review,n/a,channel,source digest forces re-review,P0 source drift check
SOURCE,channel,app/channel/internal/service/route_permission.go,app/channel/internal/service/route_permission.go,package,169710548a1e6a5bbf20eb5a931338a6d9cdca451e444bc728bd1f0745b5ff1f,source,n/a,source branch review,n/a,channel,source digest forces re-review,P0 source drift check
SOURCE,channel,app/channel/internal/service/routing_group.go,app/channel/internal/service/routing_group.go,package,dd6199cecb0ecbffca4bfc04ebd56636e87e74ab8893417ea40ca91c9b84c898,source,n/a,source branch review,n/a,channel,source digest forces re-review,P0 source drift check
SOURCE,channel,app/channel/internal/service/subscription_model_probe.go,app/channel/internal/service/subscription_model_probe.go,package,a2d8df11068f88b195f1faada0fbdb157b6faf7e3174bdbbe399b6d83f3ae694,source,n/a,source branch review,n/a,channel,source digest forces re-review,P0 source drift check
SOURCE,config,app/config/internal/server/grpc.go,app/config/internal/server/grpc.go,package,712a5dd869ec3cdd2146f7ea708a9b0342a613ecad71e9ec8cb139c69eedd77c,source,n/a,source branch review,n/a,config,source digest forces re-review,P0 source drift check
SOURCE,config,app/config/internal/server/http.go,app/config/internal/server/http.go,package,d022488e822c4bf9c001146e11476df3e0b35e68a9316c73aedfa61120929e91,source,n/a,source branch review,n/a,config,source digest forces re-review,P0 source drift check
SOURCE,config,app/config/internal/service/config.go,app/config/internal/service/config.go,package,de6dbc27ba92fd25934b998a8f82c8e95f46b0a57fa6aee4534709deca14c2bf,source,n/a,source branch review,n/a,config,source digest forces re-review,P0 source drift check
SOURCE,identity,app/identity/internal/biz/auth.go,app/identity/internal/biz/auth.go,package,f264cb52380cfb83896c3c1c57880fd471d9a945226f47bd73b637a3a2463d85,source,n/a,source branch review,n/a,identity,source digest forces re-review,P0 source drift check
SOURCE,identity,app/identity/internal/biz/bootstrap.go,app/identity/internal/biz/bootstrap.go,package,6a973a55d31519bfcbb103a27e70eb8a6251e5a3e94b6c447137fcbfd27fa52a,source,n/a,source branch review,n/a,identity,source digest forces re-review,P0 source drift check
SOURCE,identity,app/identity/internal/biz/iam.go,app/identity/internal/biz/iam.go,package,e2c39d27d662c64d6ac6be51ca671f9cc8979db5fda41d6d2acecb40998b6592,source,n/a,source branch review,n/a,identity,source digest forces re-review,P0 source drift check
SOURCE,identity,app/identity/internal/biz/iam_errors.go,app/identity/internal/biz/iam_errors.go,package,d5e3be9f4c2eb30a4f4c95807b8a2e7440f9b28c441381d282f8c80945b2999b,source,n/a,source branch review,n/a,identity,source digest forces re-review,P0 source drift check
SOURCE,identity,app/identity/internal/biz/iam_storage.go,app/identity/internal/biz/iam_storage.go,package,50b2faee1fe6e6b49bc234323eedb5d4d2f5084eefd29246571eb4eaed419cf4,source,none,IAM policy/role/assignment/user revision/audit or account transaction adapter,platform; organization requests rejected,identity,not wired into runtime; legacy unchanged,A2: isolated three-dialect migration/CAS/rollback/snapshot/audit/SQLite busy tests; A3/A4 governance and runtime adoption pending
SOURCE,identity,app/identity/internal/biz/routing.go,app/identity/internal/biz/routing.go,package,8a301f2ef5552baa253f4ddb99a278f87883777bd82ae6e5a58764d0aa5fb574,source,n/a,source branch review,n/a,identity,source digest forces re-review,P0 source drift check
SOURCE,identity,app/identity/internal/biz/routing_access.go,app/identity/internal/biz/routing_access.go,package,f616ba4471ae7fec44d0d2b67d2698dda51ca5bfe9044beb7bffa0aec4bde9bd,source,n/a,source branch review,n/a,identity,source digest forces re-review,P0 source drift check
SOURCE,identity,app/identity/internal/data/data.go,app/identity/internal/data/data.go,package,618fd3756135bd088af5bfec665a0c336c08ba6fdb863ff80f6555f8cff73689,source,n/a,source branch review,n/a,identity,source digest forces re-review,P0 source drift check
SOURCE,identity,app/identity/internal/data/iam_models.go,app/identity/internal/data/iam_models.go,package,43571ff3a12c5c7123a2aa5cb84e1fafc69ec70c387e625e7f6518042a7ecf17,source,none,IAM policy/role/assignment/user revision/audit or account transaction adapter,platform; organization requests rejected,identity,not wired into runtime; legacy unchanged,A2: isolated three-dialect migration/CAS/rollback/snapshot/audit/SQLite busy tests; A3/A4 governance and runtime adoption pending
SOURCE,identity,app/identity/internal/data/iam_repo.go,app/identity/internal/data/iam_repo.go,package,06efb89f6f740d9157941c85ff98c1815c34de6ecf3006bf9c7348b04b8a6cb5,source,none,IAM policy/role/assignment/user revision/audit or account transaction adapter,platform; organization requests rejected,identity,not wired into runtime; legacy unchanged,A2: isolated three-dialect migration/CAS/rollback/snapshot/audit/SQLite busy tests; A3/A4 governance and runtime adoption pending
SOURCE,identity,app/identity/internal/data/iam_tx.go,app/identity/internal/data/iam_tx.go,package,9d2c128fdd0da35425475e166cc4f428046fc65aaaf2dff1cb84991593849d55,source,none,IAM policy/role/assignment/user revision/audit or account transaction adapter,platform; organization requests rejected,identity,not wired into runtime; legacy unchanged,A2: isolated three-dialect migration/CAS/rollback/snapshot/audit/SQLite busy tests; A3/A4 governance and runtime adoption pending
SOURCE,identity,app/identity/internal/data/login_rate_limit.go,app/identity/internal/data/login_rate_limit.go,package,4e074aac8b2cc5630433a0fd78d8aa18af5c3f4629a7c4b4a4285c7b400010e0,source,n/a,source branch review,n/a,identity,source digest forces re-review,P0 source drift check
SOURCE,identity,app/identity/internal/data/routing.go,app/identity/internal/data/routing.go,package,ed19630d84d1c0cb8a510c454ad39afb06369a374a7563707e129de6c25cec66,source,n/a,source branch review,n/a,identity,source digest forces re-review,P0 source drift check
SOURCE,identity,app/identity/internal/data/routing_access.go,app/identity/internal/data/routing_access.go,package,a73fc58db6f693bb130294bf6e66fc57db781523246a0efa35be43939b442431,source,n/a,source branch review,n/a,identity,source digest forces re-review,P0 source drift check
SOURCE,identity,app/identity/internal/data/routing_outbox.go,app/identity/internal/data/routing_outbox.go,package,9377c9f791b54d9232b1dfd47915fe5bc7fc1cd8906849f226e75e3cbc50b1e4,source,n/a,source branch review,n/a,identity,source digest forces re-review,P0 source drift check
SOURCE,identity,app/identity/internal/server/grpc.go,app/identity/internal/server/grpc.go,package,2675fa141232a615941809c17a27409bcff45353ba2b1a0971c0bf5d5eac852e,source,n/a,source branch review,n/a,identity,source digest forces re-review,P0 source drift check
SOURCE,identity,app/identity/internal/server/http.go,app/identity/internal/server/http.go,package,fa150917bb1155a28ec9d9f791d3c11d6c0897106d8ea69a3fe49b7f9a3e3286,source,n/a,source branch review,n/a,identity,source digest forces re-review,P0 source drift check
SOURCE,identity,app/identity/internal/service/identity.go,app/identity/internal/service/identity.go,package,9ee9667db46370fc391822a28adca746357cffb100dd9bc2b521c0d521efbb0e,source,n/a,source branch review,n/a,identity,source digest forces re-review,P0 source drift check
SOURCE,identity,app/identity/internal/service/routing_access.go,app/identity/internal/service/routing_access.go,package,86fab1b721827247b18dc236db2ee334314aa599c6013d961771a111bc783add,source,n/a,source branch review,n/a,identity,source digest forces re-review,P0 source drift check
SOURCE,identity,cmd/admin-reset/main.go,cmd/admin-reset/main.go,package,7e600243eec38f9f972ccc0c179c097dcfc607b1b6a47ae8fab01a7fbcc3214f,source,n/a,source branch review,n/a,identity,source digest forces re-review,P0 source drift check
SOURCE,identity,scripts/test-e2e-flow.sh,scripts/test-e2e-flow.sh,test-only SQL writer,dae066af6310d5a6f220949b8cbf33c06b3dddfc248faee2ea43ab76d80e0c63,source,n/a,source branch review,n/a,identity,source digest forces re-review,P0 source drift check
SOURCE,log,app/log/internal/server/grpc.go,app/log/internal/server/grpc.go,package,62a7e46c616129617da0f12e965de62744e27712ee769474fc747368943f152b,source,n/a,source branch review,n/a,log,source digest forces re-review,P0 source drift check
SOURCE,log,app/log/internal/server/http.go,app/log/internal/server/http.go,package,d0f174828344e7b747447874cdc5b833bbde1a4fb0a9e3e8737799036f9e50ec,source,n/a,source branch review,n/a,log,source digest forces re-review,P0 source drift check
SOURCE,log,app/log/internal/service/log.go,app/log/internal/service/log.go,package,2bde91608fbe7ede80cb53090b66b8c51f606e19bb8911198b880d11fadb5cf6,source,n/a,source branch review,n/a,log,source digest forces re-review,P0 source drift check
SOURCE,monitor,app/monitor/internal/server/grpc.go,app/monitor/internal/server/grpc.go,package,d885577e9ca37827c1fb430abde08b4211a3ab6203867c04893df5723469b111,source,n/a,source branch review,n/a,monitor,source digest forces re-review,P0 source drift check
SOURCE,monitor,app/monitor/internal/server/http.go,app/monitor/internal/server/http.go,package,9b59de71137cc3cfecf11949fb1fef3aad7c9b3dc22632d6334015f550671df6,source,n/a,source branch review,n/a,monitor,source digest forces re-review,P0 source drift check
SOURCE,monitor,app/monitor/internal/service/monitor.go,app/monitor/internal/service/monitor.go,package,ce3736943387367a036fb8e001963b5fbf47bc349f60e4d6d8fa1425f74a6f05,source,n/a,source branch review,n/a,monitor,source digest forces re-review,P0 source drift check
SOURCE,notify,app/notify/internal/server/grpc.go,app/notify/internal/server/grpc.go,package,4e552d2f2d12d302e7d6f8e1aad35f05c7d44a35b5e0922a7e9710c5a3fd51ed,source,n/a,source branch review,n/a,notify,source digest forces re-review,P0 source drift check
SOURCE,notify,app/notify/internal/server/http.go,app/notify/internal/server/http.go,package,62afb32dea335cb16931ef56f35c172a8e4c65109eefcd2a0dcbab725be6f59c,source,n/a,source branch review,n/a,notify,source digest forces re-review,P0 source drift check
SOURCE,notify,app/notify/internal/service/alertmanager.go,app/notify/internal/service/alertmanager.go,package,3176d9996e593db54d59344be026e999fc8eef7b785c2e625c08f0e9c4b3bad6,source,n/a,source branch review,n/a,notify,source digest forces re-review,P0 source drift check
SOURCE,notify,app/notify/internal/service/notify.go,app/notify/internal/service/notify.go,package,e17b11d0ffce3367a1cc6a42173392a425d9eed4d929c3198aad50ce400efd32,source,n/a,source branch review,n/a,notify,source digest forces re-review,P0 source drift check
SOURCE,relay,internal/server/adaptor_forwarder.go,internal/server/adaptor_forwarder.go,package,2507fa76c54dacc80b862ed2ffa25a85b7ae32faae10eb93889a87b44e7dffa7,source,n/a,source branch review,n/a,relay,source digest forces re-review,P0 source drift check
SOURCE,relay,internal/server/anthropic_adaptor_attempt.go,internal/server/anthropic_adaptor_attempt.go,package,56d374aac553f83ee6817b164aa5a6fdb3e164ad804118c0de13fc5a0a387553,source,n/a,source branch review,n/a,relay,source digest forces re-review,P0 source drift check
SOURCE,relay,internal/server/anthropic_inbound.go,internal/server/anthropic_inbound.go,package,ed0a067c194cb096959406eb4daca10c436723cd2941bbab246bb936f9fbcc9a,source,n/a,source branch review,n/a,relay,source digest forces re-review,P0 source drift check
SOURCE,relay,internal/server/body_limit.go,internal/server/body_limit.go,package,a8488463bdc38dc3acfef6fe7d38797d0e47d71cdb493d33c4e9c66728b9e7b1,source,n/a,source branch review,n/a,relay,source digest forces re-review,P0 source drift check
SOURCE,relay,internal/server/embedding_bound.go,internal/server/embedding_bound.go,package,e90ac8cb850b72e856176ceecbc293e8bf640a54bf8d18a139c910c38c580e52,source,n/a,source branch review,n/a,relay,source digest forces re-review,P0 source drift check
SOURCE,relay,internal/server/error_identity.go,internal/server/error_identity.go,package,b76f1f36ebfa75b89f26c592ee50bc241c2da20601b051dd84f917bd885d5c94,source,n/a,source branch review,n/a,relay,source digest forces re-review,P0 source drift check
SOURCE,relay,internal/server/executor_ports.go,internal/server/executor_ports.go,package,845e584abc259011929f1108fa681342d55630897b4c4ccd586daf533691cf46,source,n/a,source branch review,n/a,relay,source digest forces re-review,P0 source drift check
SOURCE,relay,internal/server/executor_stream.go,internal/server/executor_stream.go,package,2bf96a53afc1c71be2015d480b1b8088a861e5410ab3b14cdfb26a9009964646,source,n/a,source branch review,n/a,relay,source digest forces re-review,P0 source drift check
SOURCE,relay,internal/server/forwarder/nonstream.go,internal/server/forwarder/nonstream.go,package,dbd83246337d0b194338070e5dcf6f020dc03f903b095b9b66c473097282b28d,source,n/a,source branch review,n/a,relay,source digest forces re-review,P0 source drift check
SOURCE,relay,internal/server/forwarder/stream.go,internal/server/forwarder/stream.go,package,7608f7e56759dcd3c8fc8657a7cfa8adbce8b4bd67d13894befa26d558c5c745,source,n/a,source branch review,n/a,relay,source digest forces re-review,P0 source drift check
SOURCE,relay,internal/server/grpc.go,internal/server/grpc.go,package,43e4f56b15e3ada78a69d9d7e9588ed12db220d3c279fc5346dde21d58aacbe7,source,n/a,source branch review,n/a,relay,source digest forces re-review,P0 source drift check
SOURCE,relay,internal/server/handler/chat.go,internal/server/handler/chat.go,package,927dfc4fe11d01f8ee6a77bcd379ad4bd7f7a3c5fd4e38df9dc80948a8ef49ef,source,n/a,source branch review,n/a,relay,source digest forces re-review,P0 source drift check
SOURCE,relay,internal/server/handler/completions.go,internal/server/handler/completions.go,package,0bb0e633fa07be54b9a92259aa33bb682c724ea60b1ed0ed91fb99ed07132644,source,n/a,source branch review,n/a,relay,source digest forces re-review,P0 source drift check
SOURCE,relay,internal/server/http.go,internal/server/http.go,package,86488bd9d35a779aea18adc4d9eb571b6aa52364608e3f80bb8cda3c2473187a,source,n/a,source branch review,n/a,relay,source digest forces re-review,P0 source drift check
SOURCE,relay,internal/server/http_adaptor.go,internal/server/http_adaptor.go,package,e6d47021215c949099967c25743215c3b3cd30c412479afb75b1ea7737ffad51,source,n/a,source branch review,n/a,relay,source digest forces re-review,P0 source drift check
SOURCE,relay,internal/server/http_billing.go,internal/server/http_billing.go,package,782641c462057ec2d3272fd4018ea7d145a50579cd2d8f5b2c13240f92a8c66d,source,n/a,source branch review,n/a,relay,source digest forces re-review,P0 source drift check
SOURCE,relay,internal/server/http_chat_handler.go,internal/server/http_chat_handler.go,package,f84f911dbec75113bf14aa55d02308981c81d90bfd3632099eee7a8ee076f3ad,source,n/a,source branch review,n/a,relay,source digest forces re-review,P0 source drift check
SOURCE,relay,internal/server/http_config.go,internal/server/http_config.go,package,1e2ef14f433beea7d6c939877cc8e54450d2ab199ffb7ed5ee9427bcb2731cc7,source,n/a,source branch review,n/a,relay,source digest forces re-review,P0 source drift check
SOURCE,relay,internal/server/http_enhanced.go,internal/server/http_enhanced.go,package,905a241ed33dc921e6c90823f8e77171af34a570222d6f046e525f5c45b0b3e5,source,n/a,source branch review,n/a,relay,source digest forces re-review,P0 source drift check
SOURCE,relay,internal/server/http_forwarder.go,internal/server/http_forwarder.go,package,c0f33d6762cb38a6317cb10635df73574b569fab87054c2719e998b5bbb38845,source,n/a,source branch review,n/a,relay,source digest forces re-review,P0 source drift check
SOURCE,relay,internal/server/http_helpers.go,internal/server/http_helpers.go,package,883bf6367c0a68785a58d630647b5e4b773373247ada91ccc55aa8424bb02035,source,n/a,source branch review,n/a,relay,source digest forces re-review,P0 source drift check
SOURCE,relay,internal/server/http_oneapi_handler.go,internal/server/http_oneapi_handler.go,package,6906fb732f871325d729d62613484b15962bcd2e105a253b11ecfba5cef2b1d7,source,n/a,source branch review,n/a,relay,source digest forces re-review,P0 source drift check
SOURCE,relay,internal/server/http_orchestrator.go,internal/server/http_orchestrator.go,package,3e6060737b3666115fcb75a285f63308f51be48d1cf5238523ba8d6153dfd9b3,source,n/a,source branch review,n/a,relay,source digest forces re-review,P0 source drift check
SOURCE,relay,internal/server/http_raw_handler.go,internal/server/http_raw_handler.go,package,65c6589a933eefbd3e60db76e271e08cf36a2035013544d31b72646f3411b611,source,n/a,source branch review,n/a,relay,source digest forces re-review,P0 source drift check
SOURCE,relay,internal/server/http_raw_helpers.go,internal/server/http_raw_helpers.go,package,71ca0d8d241e8bd03036f3fdb5ebb6d1dae311dde119aac24f6663de89b0d4d6,source,n/a,source branch review,n/a,relay,source digest forces re-review,P0 source drift check
SOURCE,relay,internal/server/http_response.go,internal/server/http_response.go,package,f2714801bd4aa67cc6fdd268b93ee7d5f59ba0600970497a2771919030e7cdea,source,n/a,source branch review,n/a,relay,source digest forces re-review,P0 source drift check
SOURCE,relay,internal/server/http_response_route.go,internal/server/http_response_route.go,package,c81c8a6306a2a2424e2eca5efa11f34e79d13f8dd9efdeb4aadd97a2019d6504,source,n/a,source branch review,n/a,relay,source digest forces re-review,P0 source drift check
SOURCE,relay,internal/server/http_responses_handler.go,internal/server/http_responses_handler.go,package,217cbb2b5a8b10697bb6bc5b1186a56ead92bd2ff3e3c8d13f41489c814e3aa3,source,n/a,source branch review,n/a,relay,source digest forces re-review,P0 source drift check
SOURCE,relay,internal/server/http_status_handler.go,internal/server/http_status_handler.go,package,3f84adc4bdf647effad6fc774fd49ff61349dd72983ec81ece113a2638151eab,source,n/a,source branch review,n/a,relay,source digest forces re-review,P0 source drift check
SOURCE,relay,internal/server/http_streaming_orchestrator.go,internal/server/http_streaming_orchestrator.go,package,867d90a6bf924d755aca30813a19f6a4ba910bd9a0c78044bf95ed85b9073c1d,source,n/a,source branch review,n/a,relay,source digest forces re-review,P0 source drift check
SOURCE,relay,internal/server/http_unsupported_handler.go,internal/server/http_unsupported_handler.go,package,b631f2d62799a7e4a18a64afbc27a71e0f594024c6da4203ff959d877b324e4e,source,n/a,source branch review,n/a,relay,source digest forces re-review,P0 source drift check
SOURCE,relay,internal/server/http_usage_log.go,internal/server/http_usage_log.go,package,a76c92a6420a2da2822c008764ce7fc72207a8ecbcc9b5e500f200051c09ca9c,source,n/a,source branch review,n/a,relay,source digest forces re-review,P0 source drift check
SOURCE,relay,internal/server/json.go,internal/server/json.go,package,f3f335b28b0678adfdc5c18cd9ac6606049335ef9bbe463e7f0b3bcbeae6d07a,source,n/a,source branch review,n/a,relay,source digest forces re-review,P0 source drift check
SOURCE,relay,internal/server/openai_ws_client.go,internal/server/openai_ws_client.go,package,52b21fd1ba891afade17172320e3bed35a3b4a424f0884d98ec3c2ef78bc54d2,source,n/a,source branch review,n/a,relay,source digest forces re-review,P0 source drift check
SOURCE,relay,internal/server/openai_ws_forwarder.go,internal/server/openai_ws_forwarder.go,package,95edf5449a9c0a1e8fd35fb96f3ba484683014fde0930e20d5d25fadbda5919d,source,n/a,source branch review,n/a,relay,source digest forces re-review,P0 source drift check
SOURCE,relay,internal/server/openai_ws_pool.go,internal/server/openai_ws_pool.go,package,5f523201c9cdaba475f8cc2296850be0570fc157623a229196dddf95d89f4156,source,n/a,source branch review,n/a,relay,source digest forces re-review,P0 source drift check
SOURCE,relay,internal/server/openai_ws_relay.go,internal/server/openai_ws_relay.go,package,3f80762eac8ad11bd0976b8c7dc70fba6519519829988f7284e37c1a694adaa2,source,n/a,source branch review,n/a,relay,source digest forces re-review,P0 source drift check
SOURCE,relay,internal/server/openai_ws_state_store.go,internal/server/openai_ws_state_store.go,package,dbea79c61c74ab740c9d2f384ff16d5a4085b416e438692e3165a59773792cba,source,n/a,source branch review,n/a,relay,source digest forces re-review,P0 source drift check
SOURCE,relay,internal/server/orchestrator.go,internal/server/orchestrator.go,package,8380fe5bbdad7708bdbbae87cb1eafb7705ef45ffc246fc2d836f4b54bde34ad,source,n/a,source branch review,n/a,relay,source digest forces re-review,P0 source drift check
SOURCE,relay,internal/server/orchestrator_gate.go,internal/server/orchestrator_gate.go,package,651cb95b1391280b592e20a068c87f7c567fb905c6074cfdc2f898fdccc155ae,source,n/a,source branch review,n/a,relay,source digest forces re-review,P0 source drift check
SOURCE,relay,internal/server/provider_catalog.go,internal/server/provider_catalog.go,package,7ecbdae99904ff32c969488d62f8400099b2b0960b323e35ede85e0dd27e5060,source,n/a,source branch review,n/a,relay,source digest forces re-review,P0 source drift check
SOURCE,relay,internal/server/relay_execution_metrics.go,internal/server/relay_execution_metrics.go,package,203cdceb7aba9cc279b6aab113b7a5401c8069ed210de4c1ad247088b5dedf40,source,n/a,source branch review,n/a,relay,source digest forces re-review,P0 source drift check
SOURCE,relay,internal/server/request_attempt.go,internal/server/request_attempt.go,package,a0124d6a0da695386aba6142761467920f6d26dd8f4c46ffa92284520ceccb6e,source,n/a,source branch review,n/a,relay,source digest forces re-review,P0 source drift check
SOURCE,relay,internal/server/request_budget.go,internal/server/request_budget.go,package,084768f1035e46feb46f3c08a2f529ad3ff5d4dc7d0ad2fe591710b7119fa88d,source,n/a,source branch review,n/a,relay,source digest forces re-review,P0 source drift check
SOURCE,relay,internal/server/response_route_scheduler.go,internal/server/response_route_scheduler.go,package,5fe99434c884150d42ed430fe46728283b7e0fa9c84a1733a7ea0a64687205b4,source,n/a,source branch review,n/a,relay,source digest forces re-review,P0 source drift check
SOURCE,relay,internal/server/response_scheduler.go,internal/server/response_scheduler.go,package,ba3c253c337e68beb01ceee11c1d4686fb2d0806068467918b85305ad749e2aa,source,n/a,source branch review,n/a,relay,source digest forces re-review,P0 source drift check
SOURCE,relay,internal/server/responses_fallback.go,internal/server/responses_fallback.go,package,9477a38ae99aae4312250297c6cf7405134b2c3b0812986225ad65fc8f2e5b67,source,n/a,source branch review,n/a,relay,source digest forces re-review,P0 source drift check
SOURCE,relay,internal/server/responses_upstream_error.go,internal/server/responses_upstream_error.go,package,d03ff9de9f4d010e7c5f89567507a81ba5eb978c842fd7f2c4bd2a4fe2c57964,source,n/a,source branch review,n/a,relay,source digest forces re-review,P0 source drift check
SOURCE,relay,internal/server/retry.go,internal/server/retry.go,package,af20b78ffd892d2ae77c0475034f0448fc3c41ac4f6682dc97a507656b3ffcd5,source,n/a,source branch review,n/a,relay,source digest forces re-review,P0 source drift check
SOURCE,relay,internal/server/route_permission.go,internal/server/route_permission.go,package,2dbce31cce55e653c27028f40f078892defae16635bad303636cd4e68a929067,source,n/a,source branch review,n/a,relay,source digest forces re-review,P0 source drift check
SOURCE,relay,internal/server/routes.go,internal/server/routes.go,package,66196ba565bdba25c81fdbc6d63186a8bcfcc55d7d06410e2ea4e7457c632ec3,source,n/a,source branch review,n/a,relay,source digest forces re-review,P0 source drift check
SOURCE,relay,internal/server/routing_context.go,internal/server/routing_context.go,package,3d72d6dc403443c77e6ff3aa4a7debdd73b31fca8c091a2948a37bcbf7a54c6f,source,n/a,source branch review,n/a,relay,source digest forces re-review,P0 source drift check
SOURCE,relay,internal/server/routing_ws.go,internal/server/routing_ws.go,package,b37af8a7c7165a38c672bb51dfff71948dccff33ac95e50c39bfab3eb91c6ec6,source,n/a,source branch review,n/a,relay,source digest forces re-review,P0 source drift check
SOURCE,relay,internal/server/selection_finalize.go,internal/server/selection_finalize.go,package,879443e4d6df4338fbd48ed43d74900f10725df9e35040c0c24945f7a337e4d3,source,n/a,source branch review,n/a,relay,source digest forces re-review,P0 source drift check
SOURCE,relay,internal/server/stream_interruption.go,internal/server/stream_interruption.go,package,7f2028ff0c29b8205ae2e5cfd3817b4ccc1c4d147a8bec52cf174771889fb355,source,n/a,source branch review,n/a,relay,source digest forces re-review,P0 source drift check
SOURCE,relay,internal/server/subscription_middleware.go,internal/server/subscription_middleware.go,package,3d7cae93639769e838f3a4db87c804561ff87996737e07e0eeab860d7090a650,source,n/a,source branch review,n/a,relay,source digest forces re-review,P0 source drift check
SOURCE,relay,internal/server/subscription_session_window.go,internal/server/subscription_session_window.go,package,1d70aaac692e456afb2f4abfd9dd355f3931462ff1427b9018f8844b553bfc63,source,n/a,source branch review,n/a,relay,source digest forces re-review,P0 source drift check
SOURCE,relay,internal/server/usage/extract.go,internal/server/usage/extract.go,package,baaf6e9937278ff5fa00e82a2be29ead61fe0df52a66a4e1a596de9caed57351,source,n/a,source branch review,n/a,relay,source digest forces re-review,P0 source drift check
SOURCE,relay,internal/server/user_rpm.go,internal/server/user_rpm.go,package,6ab66f5ea28c4d144a9b6def844da04c2c1541062c440a0958d7313a8a6b3101,source,n/a,source branch review,n/a,relay,source digest forces re-review,P0 source drift check
